review_target_id,target_kind,primary_domain,secondary_domain,requirement_id_1,requirement_id_2,requirement_text_1,requirement_text_2,release_1,release_2,primary_type_1,primary_type_2,candidate_types,missing_legacy_ids,source_details,review_status,decision,decision_reason,inventory_change_required,source_domain,source_file
RVIEW-001,PAIR,A,A,REQ-CATALOG-003,REQ-CATALOG-004,学校教科カタログを、 少なくとも教科、学年、単元、学習項目の階層で管理できること。,検定カタログを、 少なくとも検定種別、級、試験区分、分野、 出題形式、学習項目の階層で管理できること。,初期リリース必須,初期リリース必須,DATA,DATA,SIMILARITY_SAME_PREFIX,,requirements_similarity_candidates_v0_1.txt block=6 similarity=0.460 prefix=CATALOG,REVIEWED,KEEP_SEPARATE,学校教科と外部検定では必要な階層要素が異なる。共通カタログ基盤上の別構造として両要求を維持する。,NO,A,full_rebuild_detailed_requirement_review_domain_a_decisions_v0_1.csv
RVIEW-002,PAIR,A,A,REQ-CATALOG-DIMENSION-003,REQ-CATALOG-REF-003,1つの問題へ、 複数の学習内容、技能、問題形式上の特徴を 関連付けられること。,1つのカタログ項目へ、 複数の問題を関連付けられること。,初期リリース必須,初期リリース必須,DATA,DATA,SIMILARITY_CROSS_PREFIX,,requirements_cross_prefix_similarity_candidates_v0_1.txt block=14 similarity=0.410,REVIEWED,KEEP_SEPARATE,問題から複数の分類軸へ関連付ける要求と、1つのカタログ項目から複数問題を参照する要求であり、関係の意味と基数方向が異なる。,NO,A,full_rebuild_detailed_requirement_review_domain_a_decisions_v0_1.csv
RVIEW-003,PAIR,A,B,REQ-CATALOG-DIMENSION-003,REQ-VISUAL-002,1つの問題へ、 複数の学習内容、技能、問題形式上の特徴を 関連付けられること。,1つの問題へ、 複数の表示資料を関連付けられること。,初期リリース必須,初期リリース必須,DATA,DATA,SIMILARITY_CROSS_PREFIX,,requirements_cross_prefix_similarity_candidates_v0_1.txt block=7 similarity=0.472,REVIEWED,KEEP_SEPARATE,学習内容・技能・問題形式との関連付けと、表示資料との関連付けは異なるデータ関係である。,NO,A,full_rebuild_detailed_requirement_review_domain_a_decisions_v0_1.csv
RVIEW-004,PAIR,A,A,REQ-CATALOG-PATH-001,REQ-CATALOG-PATH-004,学習内容について、 前学年、下位級、または既習範囲との 前提関係を表現できること。,学習内容から、 次学年、上位級、または後続単元への 接続関係を表現できること。,初期リリース必須,初期リリース必須,DATA,DATA,SIMILARITY_SAME_PREFIX,,requirements_similarity_candidates_v0_1.txt block=21 similarity=0.347 prefix=CATALOG-PATH,REVIEWED,KEEP_SEPARATE,前提となる学習内容への関係と、後続する学習内容への接続関係は方向と利用目的が異なる。,NO,A,full_rebuild_detailed_requirement_review_domain_a_decisions_v0_1.csv
RVIEW-005,PAIR,A,A,REQ-CATALOG-PATH-002,REQ-CATALOG-PATH-003,学年または級ごとに、 その段階で新しく追加される学習内容を 識別できること。,学年または級ごとに、 その段階で特に重視される知識・技能・問題形式を 識別できること。,初期リリース必須,初期リリース必須,DATA,DATA,SIMILARITY_SAME_PREFIX,,requirements_similarity_candidates_v0_1.txt block=5 similarity=0.468 prefix=CATALOG-PATH,REVIEWED,KEEP_SEPARATE,その段階で新規に追加される内容と、その段階で重点化される既習内容・技能・形式は同一ではない。,NO,A,full_rebuild_detailed_requirement_review_domain_a_decisions_v0_1.csv
RVIEW-006,PAIR,A,A,REQ-CATALOG-REF-001,REQ-CATALOG-REF-003,各問題を、 1つ以上のカタログ項目へ関連付けられること。,1つのカタログ項目へ、 複数の問題を関連付けられること。,初期リリース必須,初期リリース必須,DATA,DATA,SIMILARITY_SAME_PREFIX,,requirements_similarity_candidates_v0_1.txt block=2 similarity=0.600 prefix=CATALOG-REF,REVIEWED,KEEP_SEPARATE,各問題が最低1項目へ関連付く制約と、1項目に複数問題を関連付けられる基数要件は別の制約である。,NO,A,full_rebuild_detailed_requirement_review_domain_a_decisions_v0_1.csv
RVIEW-007,PAIR,A,A,REQ-CATALOG-REF-002,REQ-CATALOG-REF-003,1つの問題を、 複数の学校教科・検定・学習項目へ 関連付けられること。 例: - 学校数学と数検 - 学校英語と英検 - 学校国語と漢検,1つのカタログ項目へ、 複数の問題を関連付けられること。,初期リリース必須,初期リリース必須,DATA,DATA,SIMILARITY_SAME_PREFIX,,requirements_similarity_candidates_v0_1.txt block=27 similarity=0.327 prefix=CATALOG-REF,REVIEWED,KEEP_SEPARATE,1問題から複数カタログ項目への関連と、1カタログ項目から複数問題への関連は多対多関係の異なる方向を規定する。,NO,A,full_rebuild_detailed_requirement_review_domain_a_decisions_v0_1.csv
RVIEW-008,PAIR,A,B,REQ-CATALOG-REF-003,REQ-VISUAL-002,1つのカタログ項目へ、 複数の問題を関連付けられること。,1つの問題へ、 複数の表示資料を関連付けられること。,初期リリース必須,初期リリース必須,DATA,DATA,SIMILARITY_CROSS_PREFIX,,requirements_cross_prefix_similarity_candidates_v0_1.txt block=4 similarity=0.533,REVIEWED,KEEP_SEPARATE,カタログ項目と問題の関連付けと、問題と表示資料の関連付けは対象エンティティも用途も異なる。,NO,A,full_rebuild_detailed_requirement_review_domain_a_decisions_v0_1.csv
RVIEW-009,PAIR,A,H,REQ-CATALOG-REF-005,REQ-REFERENCE-001,問題が参照するカタログ項目は、 登録済みかつ有効な項目であること。,問題集が参照する問題は、 登録済みかつ参照可能な問題であること。,初期リリース必須,初期リリース必須,RULE,RULE,SIMILARITY_CROSS_PREFIX,,requirements_cross_prefix_similarity_candidates_v0_1.txt block=19 similarity=0.395,REVIEWED,KEEP_SEPARATE,問題が参照するカタログ項目の整合性と、問題集が参照する問題の整合性は異なる参照境界である。,NO,A,full_rebuild_detailed_requirement_review_domain_a_decisions_v0_1.csv
RVIEW-010,PAIR,A,D,REQ-CONTENT-002,REQ-PURPOSE-002,同一の問題を複数の学習用途から利用できること。 利用例: - 単元別学習 - 定期テスト対策 - 弱点復習 - 検定対策 問題集へ問題を複製する方式を前提としない。,1つの問題を、 複数の目的別問題集から再利用できること。,初期リリース必須,初期リリース必須,RULE,RULE,CONTRADICTION,,requirements_contradiction_candidates_v0_1.txt block=13 similarity=0.212,REVIEWED,KEEP_SEPARATE,複数用途から同一問題を再利用する全体原則と、目的別問題集での具体的な再利用要件の関係であり、矛盾しない。,NO,A,full_rebuild_detailed_requirement_review_domain_a_decisions_v0_1.csv
RVIEW-011,PAIR,A,B,REQ-CONTENT-002,REQ-TAG-005,同一の問題を複数の学習用途から利用できること。 利用例: - 単元別学習 - 定期テスト対策 - 弱点復習 - 検定対策 問題集へ問題を複製する方式を前提としない。,問題へ、定期テスト、検定対策、弱点補強、復習などの利用目的を示す属性を設定できること。 目的別問題集への所属そのものとは分離する。,初期リリース必須,初期リリース後,RULE,DATA,CONTRADICTION,,requirements_contradiction_candidates_v0_1.txt block=15 similarity=0.204,REVIEWED,KEEP_SEPARATE,問題の再利用方式を定める原則と、利用目的を示す属性の管理は別責務であり、目的別問題集への所属とも分離されている。,NO,A,full_rebuild_detailed_requirement_review_domain_a_decisions_v0_1.csv
RVIEW-012,PAIR,A,C,REQ-CONTENT-003,REQ-SOURCE-002,次の概念を分離して管理すること。 - 学習内容の分類 - 問題 - 問題集 - 問題の出典 - 教科書ページなどの範囲情報 - 学習履歴・進捗,教科書ページなどの範囲情報と、 問題作成・内容確認に使用した資料を分離して管理すること。,初期リリース必須,初期リリース必須,RULE,RULE,SIMILARITY_CROSS_PREFIX,,requirements_cross_prefix_similarity_candidates_v0_1.txt block=22 similarity=0.387,REVIEWED,KEEP_SEPARATE,概念全体を分離する上位原則と、範囲情報と作成資料を分離する具体的な出典管理規則である。,NO,A,full_rebuild_detailed_requirement_review_domain_a_decisions_v0_1.csv
RVIEW-013,PAIR,A,A,REQ-COVERAGE-001,REQ-COVERAGE-005,カタログ項目ごとに、 関連付けられた問題の有無と問題数を確認できること。,カタログ項目ごとに、 必要問題数や必要問題形式の目標を設定し、 充足状況を確認できること。,初期リリース必須,初期リリース後,FUNC,FUNC,CONTRADICTION;SIMILARITY_SAME_PREFIX,,requirements_similarity_candidates_v0_1.txt block=22 similarity=0.340 prefix=COVERAGE || requirements_contradiction_candidates_v0_1.txt block=9 similarity=0.340,REVIEWED,KEEP_SEPARATE,現存問題数の把握は初期機能であり、必要数・必要形式の目標設定と充足判定は追加的な計画機能である。リリース区分差も妥当である。,NO,A,full_rebuild_detailed_requirement_review_domain_a_decisions_v0_1.csv
RVIEW-014,PAIR,A,B,REQ-TARGET-003,REQ-VISUAL-002,1つの問題へ複数の習得対象を関連付け、 1つの習得対象を複数の問題から学習できること。,1つの問題へ、 複数の表示資料を関連付けられること。,初期リリース必須,初期リリース必須,DATA,DATA,SIMILARITY_CROSS_PREFIX,,requirements_cross_prefix_similarity_candidates_v0_1.txt block=21 similarity=0.389,REVIEWED,KEEP_SEPARATE,習得対象との学習上の関連付けと、表示資料との提示上の関連付けは意味が異なる。,NO,A,full_rebuild_detailed_requirement_review_domain_a_decisions_v0_1.csv
RVIEW-015,SINGLE,A,,REQ-CATALOG-006,,カタログ項目について、 少なくとも次を管理できること。 - 表示名 - 説明 - 親項目 - 表示順 - 対象教科または検定 - 学年または級 - 有効状態,,初期リリース必須,,DATA,,GRANULARITY,,requirements_granularity_candidates_v0_1.txt block=17 score=17.63 length=63 bullets=7 numbered=0 connectors=3,REVIEWED,KEEP_SEPARATE,列挙項目はカタログ項目という単一エンティティの基本属性であり、個別要求へ分割する必要はない。,NO,A,full_rebuild_detailed_requirement_review_domain_a_decisions_v0_1.csv
RVIEW-016,SINGLE,A,,REQ-CATALOG-REF-004,,問題とカタログ項目の関係について、 必要に応じて対応の役割を区別できること。 役割例: - 主たる学習対象 - 補助的な学習対象 - 前提知識 - 関連知識 - 応用先,,初期リリース必須,,DATA,,GRANULARITY,,requirements_granularity_candidates_v0_1.txt block=64 score=10.72 length=72 bullets=5 numbered=0 connectors=0,REVIEWED,KEEP_SEPARATE,列挙は問題とカタログ項目の関連に設定する役割値の例であり、1つのまとまったデータ要件である。,NO,A,full_rebuild_detailed_requirement_review_domain_a_decisions_v0_1.csv
RVIEW-017,SINGLE,A,,REQ-CATALOG-STRUCTURE-003,,教科または検定の特性に応じて、 次の要素を階層項目または横断的な分類として表現できること。 - 学習領域 - 学習テーマ - 知識項目 - 技能 - 出題形式 - 場面または用途,,初期リリース必須,,DATA,,GRANULARITY,,requirements_granularity_candidates_v0_1.txt block=29 score=15.76 length=76 bullets=6 numbered=0 connectors=3,REVIEWED,KEEP_SEPARATE,列挙項目は教科・検定ごとに選択して表現する分類次元の例であり、固定の独立機能として分割すべきではない。,NO,A,full_rebuild_detailed_requirement_review_domain_a_decisions_v0_1.csv
RVIEW-018,SINGLE,A,,REQ-CONTENT-003,,次の概念を分離して管理すること。 - 学習内容の分類 - 問題 - 問題集 - 問題の出典 - 教科書ページなどの範囲情報 - 学習履歴・進捗,,初期リリース必須,,RULE,,GRANULARITY,,requirements_granularity_candidates_v0_1.txt block=56 score=12.59 length=59 bullets=6 numbered=0 connectors=0,REVIEWED,KEEP_SEPARATE,列挙された概念を相互に分離すること自体が1つのアーキテクチャ原則であり、分割すると原則の全体性が失われる。,NO,A,full_rebuild_detailed_requirement_review_domain_a_decisions_v0_1.csv
RVIEW-019,SINGLE,A,,REQ-SCOPE-004,,学校教科と外部検定を、 同一のアプリ基盤で管理・学習できること。 初期対象候補: - 国語 - 数学 - 理科 - 社会 - 英語 - 漢検 - 英検 - 数検 すべての教材を初期リリース時に登録することまでは必須としない。,,初期リリース必須,,FUNC,,GRANULARITY,,requirements_granularity_candidates_v0_1.txt block=21 score=16.93 length=93 bullets=8 numbered=0 connectors=0,REVIEWED,KEEP_SEPARATE,列挙は初期対象候補の例であり、要求本体は学校教科と外部検定を共通基盤で扱うことである。教科別要求への分割は不要である。,NO,A,full_rebuild_detailed_requirement_review_domain_a_decisions_v0_1.csv
RVIEW-020,SINGLE,A,,REQ-TARGET-001,,問題について、 その問題で身につける具体的な習得対象を 複数設定できること。 習得対象例: - 漢字 - 英単語 - 文法事項 - 数学の概念 - 計算方法 - 公式 - 理科用語 - 歴史上の出来事,,初期リリース必須,,DATA,,GRANULARITY,,requirements_granularity_candidates_v0_1.txt block=24 score=16.81 length=81 bullets=8 numbered=0 connectors=0,REVIEWED,KEEP_SEPARATE,列挙は習得対象として扱える内容の例であり、各例を独立要求へ分割する必要はない。,NO,A,full_rebuild_detailed_requirement_review_domain_a_decisions_v0_1.csv
RVIEW-021,PAIR,B,G,REQ-ANSWER-002,REQ-PAPER-004,問題ごとに複数の許容解答を設定できること。,問題ごとに、 解答用紙を必要とするかを設定できること。,初期リリース必須,初期リリース必須,DATA,FUNC,SIMILARITY_CROSS_PREFIX,,requirements_cross_prefix_similarity_candidates_v0_1.txt block=16 similarity=0.400,REVIEWED,KEEP_SEPARATE,許容解答の設定と解答用紙要否の設定は、採点データと印刷機能という異なる責務である。,NO,B,full_rebuild_detailed_requirement_review_domain_b_decisions_v0_1.csv
RVIEW-022,PAIR,B,G,REQ-ANSWER-002,REQ-PRINT-002,問題ごとに複数の許容解答を設定できること。,問題ごとに、 印刷可能かどうかを設定できること。,初期リリース必須,初期リリース必須,DATA,DATA,SIMILARITY_CROSS_PREFIX,,requirements_cross_prefix_similarity_candidates_v0_1.txt block=20 similarity=0.393,REVIEWED,KEEP_SEPARATE,許容解答と印刷可否は、問題に設定する属性である点だけが共通し、意味と用途は異なる。,NO,B,full_rebuild_detailed_requirement_review_domain_b_decisions_v0_1.csv
RVIEW-023,PAIR,B,D,REQ-ANSWER-002,REQ-TIMER-001,問題ごとに複数の許容解答を設定できること。,問題ごとに、推奨回答時間を設定できること。,初期リリース必須,初期リリース必須,DATA,RULE,SIMILARITY_CROSS_PREFIX,,requirements_cross_prefix_similarity_candidates_v0_1.txt block=12 similarity=0.423,REVIEWED,KEEP_SEPARATE,許容解答と推奨回答時間は、採点条件と時間制御という異なる要求である。,NO,B,full_rebuild_detailed_requirement_review_domain_b_decisions_v0_1.csv
RVIEW-024,PAIR,B,G,REQ-ANSWER-003,REQ-LAYOUT-003,必要に応じて、次の採点条件を設定できること。 - 大文字・小文字の区別 - かな・漢字の許容 - 単位の必須性 - 手動採点の要否,必要に応じて、 問題の前で改ページできること。,初期リリース必須,初期リリース必須,DATA,FUNC,CONTRADICTION,,requirements_contradiction_candidates_v0_1.txt block=27 similarity=0.164,REVIEWED,KEEP_SEPARATE,採点条件と改ページ条件は対象機能が異なり、実質的な矛盾はない。,NO,B,full_rebuild_detailed_requirement_review_domain_b_decisions_v0_1.csv
RVIEW-025,PAIR,B,B,REQ-ANSWER-003,REQ-MEDIA-007,必要に応じて、次の採点条件を設定できること。 - 大文字・小文字の区別 - かな・漢字の許容 - 単位の必須性 - 手動採点の要否,表示資料へ必要に応じて説明文またはキャプションを設定できること。,初期リリース必須,初期リリース必須,DATA,DATA,CONTRADICTION,,requirements_contradiction_candidates_v0_1.txt block=16 similarity=0.190,REVIEWED,KEEP_SEPARATE,採点条件と表示資料の説明文は異なるデータ属性であり、矛盾しない。,NO,B,full_rebuild_detailed_requirement_review_domain_b_decisions_v0_1.csv
RVIEW-026,PAIR,B,D,REQ-ASSET-002,REQ-PURPOSE-002,同じアセットを、 複数の問題や教材から再利用できること。,1つの問題を、 複数の目的別問題集から再利用できること。,初期リリース必須,初期リリース必須,RULE,RULE,SIMILARITY_CROSS_PREFIX,,requirements_cross_prefix_similarity_candidates_v0_1.txt block=11 similarity=0.424,REVIEWED,KEEP_SEPARATE,アセットの再利用と問題の目的別問題集での再利用は、再利用対象となるエンティティが異なる。,NO,B,full_rebuild_detailed_requirement_review_domain_b_decisions_v0_1.csv
RVIEW-027,PAIR,B,C,REQ-ASSET-006,REQ-REGISTRATION-005,同一アセットについて、 画面用、印刷用、縮小表示用などの 複数の派生ファイルを管理できること。,教材登録時に、 通常教材、目的別問題集、印刷用出力、 表示アセットなどの関連データを 別々に検証できること。,初期リリース後,初期リリース必須,DATA,FUNC,CONTRADICTION,,requirements_contradiction_candidates_v0_1.txt block=25 similarity=0.167,REVIEWED,KEEP_SEPARATE,派生アセット管理は将来拡張データであり、教材登録時に関連データを個別検証する初期機能と矛盾しない。,NO,B,full_rebuild_detailed_requirement_review_domain_b_decisions_v0_1.csv
RVIEW-028,PAIR,B,B,REQ-ASSET-006,REQ-VISUAL-006,同一アセットについて、 画面用、印刷用、縮小表示用などの 複数の派生ファイルを管理できること。,画面表示用のサイズ・配置と、 印刷用のサイズ・配置を別々に設定できること。,初期リリース後,初期リリース必須,DATA,DATA,CONTRADICTION,,requirements_contradiction_candidates_v0_1.txt block=30 similarity=0.161,REVIEWED,KEEP_SEPARATE,派生ファイルそのものの管理と、画面・印刷でのサイズや配置設定は異なる。リリース区分差も妥当である。,NO,B,full_rebuild_detailed_requirement_review_domain_b_decisions_v0_1.csv
RVIEW-029,PAIR,B,B,REQ-EVIDENCE-004,REQ-REASONING-003,複数の資料を比較または関連付けて 判断する問題を表現できること。,複数の立場、観点、条件を考慮して 判断する問題を表現できること。,初期リリース必須,初期リリース必須,DATA,DATA,SIMILARITY_CROSS_PREFIX,,requirements_cross_prefix_similarity_candidates_v0_1.txt block=17 similarity=0.400,REVIEWED,KEEP_SEPARATE,複数資料の比較と複数の立場・条件を考慮する思考は異なる問題特性である。,NO,B,full_rebuild_detailed_requirement_review_domain_b_decisions_v0_1.csv
RVIEW-030,PAIR,B,B,REQ-GRAPH-004,REQ-TIMELINE-001,座標平面について、 表示範囲、軸、目盛り、点、直線などを 構造化して管理できること。,年表について、 年代範囲と出来事を構造化して管理できること。,初期リリース必須,初期リリース必須,DATA,DATA,SIMILARITY_CROSS_PREFIX,,requirements_cross_prefix_similarity_candidates_v0_1.txt block=29 similarity=0.372,REVIEWED,KEEP_SEPARATE,座標平面と年表は異なる表示資料構造であり、構造化管理という共通表現だけによる類似候補である。,NO,B,full_rebuild_detailed_requirement_review_domain_b_decisions_v0_1.csv
RVIEW-031,PAIR,B,B,REQ-MEDIA-010,REQ-MEDIA-011,構造化された表およびグラフを表示資料として扱えること。,長文および会話文を、 問題と関連する表示資料として扱えること。,初期リリース必須,初期リリース必須,FUNC,FUNC,SIMILARITY_SAME_PREFIX,,requirements_similarity_candidates_v0_1.txt block=25 similarity=0.333 prefix=MEDIA,REVIEWED,KEEP_SEPARATE,表・グラフと長文・会話文は異なる表示資料形式であり、個別対応要件として維持する。,NO,B,full_rebuild_detailed_requirement_review_domain_b_decisions_v0_1.csv
RVIEW-032,PAIR,B,B,REQ-MEDIA-010,REQ-MEDIA-012,構造化された表およびグラフを表示資料として扱えること。,音声を表示・再生資料として扱えること。,初期リリース必須,初期リリース必須,FUNC,FUNC,SIMILARITY_SAME_PREFIX,,requirements_similarity_candidates_v0_1.txt block=17 similarity=0.367 prefix=MEDIA,REVIEWED,KEEP_SEPARATE,表・グラフと音声は表示・再生方法およびデータ形式が異なる。,NO,B,full_rebuild_detailed_requirement_review_domain_b_decisions_v0_1.csv
RVIEW-033,PAIR,B,B,REQ-MEDIA-010,REQ-MEDIA-013,構造化された表およびグラフを表示資料として扱えること。,動画を表示資料として扱えること。,初期リリース必須,将来候補,FUNC,FUNC,CONTRADICTION;SIMILARITY_SAME_PREFIX,,requirements_similarity_candidates_v0_1.txt block=9 similarity=0.444 prefix=MEDIA || requirements_contradiction_candidates_v0_1.txt block=3 similarity=0.444,REVIEWED,KEEP_SEPARATE,表・グラフと動画は別媒体である。動画を将来候補とするリリース区分差も妥当である。,NO,B,full_rebuild_detailed_requirement_review_domain_b_decisions_v0_1.csv
RVIEW-034,PAIR,B,B,REQ-MEDIA-011,REQ-MEDIA-012,長文および会話文を、 問題と関連する表示資料として扱えること。,音声を表示・再生資料として扱えること。,初期リリース必須,初期リリース必須,FUNC,FUNC,SIMILARITY_SAME_PREFIX,,requirements_similarity_candidates_v0_1.txt block=30 similarity=0.303 prefix=MEDIA,REVIEWED,KEEP_SEPARATE,長文・会話文と音声は異なる媒体および提示方式である。,NO,B,full_rebuild_detailed_requirement_review_domain_b_decisions_v0_1.csv
RVIEW-035,PAIR,B,B,REQ-MEDIA-011,REQ-MEDIA-013,長文および会話文を、 問題と関連する表示資料として扱えること。,動画を表示資料として扱えること。,初期リリース必須,将来候補,FUNC,FUNC,CONTRADICTION;SIMILARITY_SAME_PREFIX,,requirements_similarity_candidates_v0_1.txt block=18 similarity=0.367 prefix=MEDIA || requirements_contradiction_candidates_v0_1.txt block=6 similarity=0.367,REVIEWED,KEEP_SEPARATE,長文・会話文と動画は異なる媒体であり、動画のみ将来候補であることも矛盾しない。,NO,B,full_rebuild_detailed_requirement_review_domain_b_decisions_v0_1.csv
RVIEW-036,PAIR,B,B,REQ-MEDIA-012,REQ-MEDIA-013,音声を表示・再生資料として扱えること。,動画を表示資料として扱えること。,初期リリース必須,将来候補,FUNC,FUNC,CONTRADICTION;SIMILARITY_SAME_PREFIX,,requirements_similarity_candidates_v0_1.txt block=3 similarity=0.579 prefix=MEDIA || requirements_contradiction_candidates_v0_1.txt block=2 similarity=0.579,REVIEWED,KEEP_SEPARATE,音声と動画は異なる媒体であり、音声を初期必須、動画を将来候補とする区分は妥当である。,NO,B,full_rebuild_detailed_requirement_review_domain_b_decisions_v0_1.csv
RVIEW-037,PAIR,B,D,REQ-QUESTION-002,REQ-TIMER-001,問題ごとに、学習者向けの短い表示名を設定できること。,問題ごとに、推奨回答時間を設定できること。,初期リリース必須,初期リリース必須,DATA,RULE,SIMILARITY_CROSS_PREFIX,,requirements_cross_prefix_similarity_candidates_v0_1.txt block=30 similarity=0.367,REVIEWED,KEEP_SEPARATE,学習者向け表示名と推奨回答時間は、問題に属する別属性である。,NO,B,full_rebuild_detailed_requirement_review_domain_b_decisions_v0_1.csv
RVIEW-038,PAIR,B,B,REQ-TABLE-003,REQ-TIMELINE-004,構造化した表を、 画面表示と印刷出力の両方に利用できること。,年表を、 画面表示と印刷出力の両方で利用できること。,初期リリース必須,初期リリース必須,FUNC,FUNC,SIMILARITY_CROSS_PREFIX,,requirements_cross_prefix_similarity_candidates_v0_1.txt block=3 similarity=0.655,REVIEWED,KEEP_SEPARATE,表の画面・印刷共用という一般機能と、年表に対する具体的な共用機能は別の資料種別を扱う。,NO,B,full_rebuild_detailed_requirement_review_domain_b_decisions_v0_1.csv
RVIEW-039,PAIR,B,,REQ-VISUAL-002,,1つの問題へ、 複数の表示資料を関連付けられること。,,初期リリース必須,,DATA,,SIMILARITY_CROSS_PREFIX,REQ-MEDIA-003,requirements_cross_prefix_similarity_candidates_v0_1.txt block=6 similarity=0.483,REVIEWED,LEGACY_RESOLVED,旧REQ-MEDIA-003は現行正本に存在せず、複数表示資料を問題へ関連付ける要求はREQ-VISUAL-002として保持されているため、旧候補は整理済みとする。,NO,B,full_rebuild_detailed_requirement_review_domain_b_decisions_v0_1.csv
RVIEW-040,SINGLE,B,,REQ-ANSWER-001,,問題形式に応じて、次の解答方式を扱えること。 - 正確一致 - 複数の許容解答 - 数値解答 - 自由記述 - 学習者または保護者による自己判定 - 評価基準に基づく採点,,初期リリース必須,,FUNC,,GRANULARITY,,requirements_granularity_candidates_v0_1.txt block=45 score=13.73 length=73 bullets=6 numbered=0 connectors=1,REVIEWED,KEEP_SEPARATE,列挙は問題形式に応じた解答方式の選択肢であり、共通の判定機能として一体で扱うべきである。,NO,B,full_rebuild_detailed_requirement_review_domain_b_decisions_v0_1.csv
RVIEW-041,SINGLE,B,,REQ-ASSET-003,,アセットについて、 元資料または生成方法を記録できること。 例: - 自作 - 描画ツールから生成 - 構造化データから生成 - スキャン - 外部素材 - 教科書・ワーク・公式資料,,初期リリース必須,,DATA,,GRANULARITY,,requirements_granularity_candidates_v0_1.txt block=43 score=13.77 length=77 bullets=6 numbered=0 connectors=1,REVIEWED,KEEP_SEPARATE,列挙はアセットの生成元または取得元を示す分類例であり、個別要求への分割は不要である。,NO,B,full_rebuild_detailed_requirement_review_domain_b_decisions_v0_1.csv
RVIEW-042,SINGLE,B,,REQ-AUDIO-001,,音声について、次の種別を扱えること。 - 単語 - 文 - 会話 - 長文 - 指示音声,,初期リリース必須,,RULE,,GRANULARITY,,requirements_granularity_candidates_v0_1.txt block=73 score=10.34 length=34 bullets=5 numbered=0 connectors=0,REVIEWED,KEEP_SEPARATE,列挙は音声資料の種別値であり、共通の音声管理要求として一体で扱う。,NO,B,full_rebuild_detailed_requirement_review_domain_b_decisions_v0_1.csv
RVIEW-043,SINGLE,B,,REQ-COMPOSITE-002,,英検などの面接カードについて、 少なくとも次を組み合わせて管理できること。 - タイトル - パッセージ - イラスト - 設問 - 回答メモ欄,,初期リリース必須,,DATA,,GRANULARITY,,requirements_granularity_candidates_v0_1.txt block=60 score=11.61 length=61 bullets=5 numbered=0 connectors=1,REVIEWED,KEEP_SEPARATE,列挙項目は面接カードという複合資料を構成する要素であり、独立要求へ分割すると構成要件が分散する。,NO,B,full_rebuild_detailed_requirement_review_domain_b_decisions_v0_1.csv
RVIEW-044,SINGLE,B,,REQ-EVIDENCE-001,,学習活動で扱う次の要素を、 互いに区別して管理できること。 - 観察または調査で得た事実 - 実験結果 - 資料から読み取った情報 - 学習者による考察 - 根拠を伴う説明 - 結論または提案,,初期リリース必須,,DATA,,GRANULARITY,,requirements_granularity_candidates_v0_1.txt block=37 score=14.83 length=83 bullets=6 numbered=0 connectors=2,REVIEWED,KEEP_SEPARATE,列挙は事実・根拠・考察・結論を区別する共通データ原則であり、一体で保持する必要がある。,NO,B,full_rebuild_detailed_requirement_review_domain_b_decisions_v0_1.csv
RVIEW-045,SINGLE,B,,REQ-GEOMETRY-003,,作図問題について、 次を指定できること。 - 作図欄の大きさ - 基準となる図 - 図への書き込み可否 - 定規の要否 - コンパスの要否,,初期リリース必須,,DATA,,GRANULARITY,,requirements_granularity_candidates_v0_1.txt block=67 score=10.58 length=58 bullets=5 numbered=0 connectors=0,REVIEWED,KEEP_SEPARATE,列挙は作図問題に必要な設定属性であり、1つの問題形式の構成としてまとめて保持する。,NO,B,full_rebuild_detailed_requirement_review_domain_b_decisions_v0_1.csv
RVIEW-046,SINGLE,B,,REQ-GRAPH-002,,少なくとも次のグラフ種類を扱えること。 - 折れ線 - 棒 - 円 - ヒストグラム - 散布図 - 比例 - 反比例,,初期リリース必須,,DATA,,GRANULARITY,,requirements_granularity_candidates_v0_1.txt block=35 score=15.45 length=45 bullets=7 numbered=0 connectors=1,REVIEWED,KEEP_SEPARATE,列挙は扱えるグラフ種別の選択肢であり、種別ごとの独立要求への分割は不要である。,NO,B,full_rebuild_detailed_requirement_review_domain_b_decisions_v0_1.csv
RVIEW-047,SINGLE,B,,REQ-GRAPH-003,,グラフについて、 少なくとも次を設定できること。 - 横軸と縦軸 - 軸の名称 - 単位 - 表示範囲 - 目盛り - 補助線 - 点または系列 - 書き込み可否,,初期リリース必須,,DATA,,GRANULARITY,,requirements_granularity_candidates_v0_1.txt block=16 score=18.64 length=64 bullets=8 numbered=0 connectors=2,REVIEWED,KEEP_SEPARATE,列挙はグラフという単一資料に属する表示・入力属性である。,NO,B,full_rebuild_detailed_requirement_review_domain_b_decisions_v0_1.csv
RVIEW-048,SINGLE,B,,REQ-INQUIRY-001,,探究型の学習について、 複数の段階からなる学習過程として表現できること。 少なくとも次のような段階を想定する。 - 疑問または課題を見つける - 問いを設定する - 仮説または予想を立てる - 調査、観察、実験を計画する - 情報または結果を集める - 整理し、比較し、分析する - 考察する - 結論または解決策をまとめる - 発表する - 振り返る 教科によって不要な段階や異なる名称を使用できること。,,初期リリース必須,,DATA,,GRANULARITY,,requirements_granularity_candidates_v0_1.txt block=2 score=26.80 length=180 bullets=10 numbered=0 connectors=5,REVIEWED,KEEP_SEPARATE,列挙は探究学習過程の段階例であり、教科により可変であるため、固定した独立要求へ分割すべきではない。,NO,B,full_rebuild_detailed_requirement_review_domain_b_decisions_v0_1.csv
RVIEW-049,SINGLE,B,,REQ-MAP-001,,地図について、 少なくとも次を管理できること。 - 対象地域 - 地図の種類 - 表示レイヤー - 地名などの表示状態 - 書き込み可否 - 印刷サイズ,,初期リリース必須,,DATA,,GRANULARITY,,requirements_granularity_candidates_v0_1.txt block=47 score=13.63 length=63 bullets=6 numbered=0 connectors=1,REVIEWED,KEEP_SEPARATE,列挙は地図という単一資料の管理属性であり、一体で扱うことが妥当である。,NO,B,full_rebuild_detailed_requirement_review_domain_b_decisions_v0_1.csv
RVIEW-050,SINGLE,B,,REQ-QUESTION-001,,問題について、少なくとも次を分離して管理できること。 - 問題文 - 解答 - 解説 - 選択肢 - 採点方針 - 状態 - 分類・出典などのメタデータ,,初期リリース必須,,DATA,,GRANULARITY,,requirements_granularity_candidates_v0_1.txt block=32 score=15.62 length=62 bullets=7 numbered=0 connectors=1,REVIEWED,KEEP_SEPARATE,列挙は問題という中心エンティティを構成する主要データの分離原則であり、全体を1要求として維持する。,NO,B,full_rebuild_detailed_requirement_review_domain_b_decisions_v0_1.csv
RVIEW-051,SINGLE,B,,REQ-QUESTION-004,,学校教科の問題について、次の属性を管理できること。 - 教科 - 学年・学習段階 - 単元・学習テーマ - 教科書範囲 - 定期テスト範囲との関係,,初期リリース必須,,DATA,,GRANULARITY,,requirements_granularity_candidates_v0_1.txt block=66 score=10.63 length=63 bullets=5 numbered=0 connectors=0,REVIEWED,KEEP_SEPARATE,列挙は学校教科問題に共通する分類属性であり、属性単位の独立要求に分割する必要はない。,NO,B,full_rebuild_detailed_requirement_review_domain_b_decisions_v0_1.csv
RVIEW-052,SINGLE,B,,REQ-QUESTION-005,,検定問題について、次の属性を管理できること。 - 検定種別 - 級 - 試験区分 - 公式出題範囲 - 出題形式,,初期リリース必須,,DATA,,GRANULARITY,,requirements_granularity_candidates_v0_1.txt block=69 score=10.46 length=46 bullets=5 numbered=0 connectors=0,REVIEWED,KEEP_SEPARATE,列挙は検定問題に共通する分類属性であり、1つのメタデータ要件として維持する。,NO,B,full_rebuild_detailed_requirement_review_domain_b_decisions_v0_1.csv
RVIEW-053,SINGLE,B,,REQ-REASONING-001,,学習内容間の関係として、 少なくとも次を表現できること。 - 時間的な前後関係 - 原因と結果 - 共通点と相違点 - 全体と部分 - 地域間または時代間の比較 - 問題と解決策 - 利点と課題,,初期リリース必須,,DATA,,GRANULARITY,,requirements_granularity_candidates_v0_1.txt block=23 score=16.82 length=82 bullets=7 numbered=0 connectors=2,REVIEWED,KEEP_SEPARATE,列挙は学習内容間で表現可能な関係種別であり、共通の関係モデルとして一体で扱う。,NO,B,full_rebuild_detailed_requirement_review_domain_b_decisions_v0_1.csv
RVIEW-054,SINGLE,B,,REQ-SCAFFOLDING-001,,問題に対して、 少なくとも次の学習支援情報を 必要に応じて別々に関連付けられること。 - 正答 - 模範解答 - 解説 - ヒント - 解答の型またはテンプレート - 考え方の手順 - 使用可能な語句または表現例 - 採点基準または評価観点,,初期リリース必須,,DATA,,GRANULARITY,,requirements_granularity_candidates_v0_1.txt block=10 score=21.02 length=102 bullets=8 numbered=0 connectors=4,REVIEWED,KEEP_SEPARATE,列挙は問題へ関連付ける支援情報の種別であり、共通の関連付け要件として維持する。,NO,B,full_rebuild_detailed_requirement_review_domain_b_decisions_v0_1.csv
RVIEW-055,SINGLE,B,,REQ-SCAFFOLDING-003,,学習者の習熟度や実行モードに応じて、 表示する支援情報の段階を変えられること。 例として、次を想定する。 - 支援なし - 短いヒント - 語句または考え方の候補 - 解答の型 - 詳細な手順 - 模範解答,,初期リリース必須,,FUNC,,GRANULARITY,,requirements_granularity_candidates_v0_1.txt block=42 score=13.89 length=89 bullets=6 numbered=0 connectors=1,REVIEWED,KEEP_SEPARATE,列挙は支援情報の段階例であり、習熟度や実行モードに応じた段階制御という1つの機能要件である。,NO,B,full_rebuild_detailed_requirement_review_domain_b_decisions_v0_1.csv
RVIEW-056,SINGLE,B,,REQ-TABLE-002,,表について、 少なくとも次を管理できること。 - 列見出し - 行データ - 単位 - 表題 - 見出し表示の有無 - 書き込み可否,,初期リリース必須,,DATA,,GRANULARITY,,requirements_granularity_candidates_v0_1.txt block=49 score=13.53 length=53 bullets=6 numbered=0 connectors=1,REVIEWED,KEEP_SEPARATE,列挙は表という単一資料を構成する属性であり、分割不要である。,NO,B,full_rebuild_detailed_requirement_review_domain_b_decisions_v0_1.csv
RVIEW-057,SINGLE,B,,REQ-TAG-002,,問題へ、問題形式を示す分類を設定できること。 対象例: - 一問一答 - 計算 - 選択 - 穴埋め - 書き取り - 文章題 - 長文読解 - 英作文 - リスニング - 作図 - 表・グラフ・地図・年表,,初期リリース必須,,DATA,,GRANULARITY,,requirements_granularity_candidates_v0_1.txt block=6 score=22.80 length=80 bullets=11 numbered=0 connectors=0,REVIEWED,KEEP_SEPARATE,列挙は問題形式分類の値候補であり、個別形式ごとの独立要求ではない。,NO,B,full_rebuild_detailed_requirement_review_domain_b_decisions_v0_1.csv
RVIEW-058,SINGLE,B,,REQ-TAG-004,,問題へ、解答に必要な技能を複数関連付けられること。 技能例: - 読む - 書く - 計算する - 聞き取る - 話す - 説明する - 比較する - 図表を読む - 条件を整理する,,初期リリース必須,,DATA,,GRANULARITY,,requirements_granularity_candidates_v0_1.txt block=15 score=18.72 length=72 bullets=9 numbered=0 connectors=0,REVIEWED,KEEP_SEPARATE,列挙は問題へ複数関連付ける技能分類の例であり、共通の分類要件として維持する。,NO,B,full_rebuild_detailed_requirement_review_domain_b_decisions_v0_1.csv
RVIEW-059,SINGLE,B,,REQ-TIMELINE-002,,年表の出来事について、 少なくとも次を管理できること。 - 年または期間 - 表示名 - 地域 - 分類 - 表示順,,初期リリース必須,,DATA,,GRANULARITY,,requirements_granularity_candidates_v0_1.txt block=57 score=12.47 length=47 bullets=5 numbered=0 connectors=2,REVIEWED,KEEP_SEPARATE,列挙は年表上の出来事を構成する属性であり、一体のデータ要件である。,NO,B,full_rebuild_detailed_requirement_review_domain_b_decisions_v0_1.csv
RVIEW-060,SINGLE,B,,REQ-VISUAL-003,,表示資料について、 少なくとも次の種類を扱えること。 - 画像 - 表 - グラフ - 地図 - 年表 - 座標平面 - 図形 - 作図用図 - 記入用升目 - 面接カード - 複数要素を組み合わせた資料,,初期リリース必須,,DATA,,GRANULARITY,,requirements_granularity_candidates_v0_1.txt block=5 score=23.79 length=79 bullets=11 numbered=0 connectors=1,REVIEWED,KEEP_SEPARATE,列挙は表示資料として扱える種別の一覧であり、共通の資料管理要件として維持する。,NO,B,full_rebuild_detailed_requirement_review_domain_b_decisions_v0_1.csv
RVIEW-061,SINGLE,B,,REQ-VISUAL-004,,表示資料ごとに、 少なくとも次を管理できること。 - 種類 - 問題内での役割 - 表示順 - 表題または説明 - 代替テキスト - 画面表示設定 - 印刷設定 - 出典・著作権情報 - 公開可否,,初期リリース必須,,DATA,,GRANULARITY,,requirements_granularity_candidates_v0_1.txt block=12 score=20.79 length=79 bullets=9 numbered=0 connectors=2,REVIEWED,KEEP_SEPARATE,列挙は表示資料という単一エンティティに属する管理属性であり、属性ごとの分割は不要である。,NO,B,full_rebuild_detailed_requirement_review_domain_b_decisions_v0_1.csv
RVIEW-062,PAIR,C,C,REQ-AUTHORING-003,REQ-SOURCE-007,既存問題と新規資料を照合し、 不足している観点を確認できること。,複数教材を照合し、 不足している知識・技能・問題形式を確認できること。,初期リリース後,初期リリース後,FUNC,FUNC,SIMILARITY_CROSS_PREFIX,,requirements_cross_prefix_similarity_candidates_v0_1.txt block=10 similarity=0.425,REVIEWED,KEEP_SEPARATE,既存問題と新規資料の照合は教材作成時の不足観点確認であり、複数教材の照合は教材横断で知識・技能・問題形式の不足を確認する要求である。対象範囲が異なる。,NO,C,full_rebuild_detailed_requirement_review_domain_c_decisions_v0_1.csv
RVIEW-063,PAIR,C,C,REQ-AUTHORING-TRACE-001,REQ-AUTHORING-TRACE-002,教材または問題集について、 作成に使用した原本、資料、対象範囲を記録できること。,教材または問題集について、 作成目的および出題方針を記録できること。,初期リリース必須,初期リリース必須,OPS,OPS,SIMILARITY_SAME_PREFIX,,requirements_similarity_candidates_v0_1.txt block=7 similarity=0.455 prefix=AUTHORING-TRACE,REVIEWED,KEEP_SEPARATE,作成に使用した原本・資料・対象範囲と、作成目的・出題方針は異なる追跡情報である。,NO,C,full_rebuild_detailed_requirement_review_domain_c_decisions_v0_1.csv
RVIEW-064,PAIR,C,C,REQ-AUTHORING-TRACE-001,REQ-AUTHORING-TRACE-003,教材または問題集について、 作成に使用した原本、資料、対象範囲を記録できること。,教材または問題集について、 問題数、対象範囲、問題形式などの作成結果を記録できること。,初期リリース必須,初期リリース必須,OPS,OPS,SIMILARITY_SAME_PREFIX,,requirements_similarity_candidates_v0_1.txt block=4 similarity=0.468 prefix=AUTHORING-TRACE,REVIEWED,KEEP_SEPARATE,作成元および対象範囲の記録と、実際に作成された問題数・形式などの結果記録は工程上の時点と意味が異なる。,NO,C,full_rebuild_detailed_requirement_review_domain_c_decisions_v0_1.csv
RVIEW-065,PAIR,C,C,REQ-AUTHORING-TRACE-001,REQ-AUTHORING-TRACE-004,教材または問題集について、 作成に使用した原本、資料、対象範囲を記録できること。,教材または問題集について、 機械検証および人によるレビューの実施結果を記録できること。,初期リリース必須,初期リリース必須,OPS,OPS,SIMILARITY_SAME_PREFIX,,requirements_similarity_candidates_v0_1.txt block=26 similarity=0.327 prefix=AUTHORING-TRACE,REVIEWED,KEEP_SEPARATE,作成に使用した根拠情報と、機械検証・人手レビューの実施結果は異なる監査情報である。,NO,C,full_rebuild_detailed_requirement_review_domain_c_decisions_v0_1.csv
RVIEW-066,PAIR,C,C,REQ-AUTHORING-TRACE-002,REQ-AUTHORING-TRACE-003,教材または問題集について、 作成目的および出題方針を記録できること。,教材または問題集について、 問題数、対象範囲、問題形式などの作成結果を記録できること。,初期リリース必須,初期リリース必須,OPS,OPS,SIMILARITY_SAME_PREFIX,,requirements_similarity_candidates_v0_1.txt block=10 similarity=0.413 prefix=AUTHORING-TRACE,REVIEWED,KEEP_SEPARATE,作成目的・出題方針は計画情報であり、問題数・対象範囲・問題形式などは作成結果情報である。,NO,C,full_rebuild_detailed_requirement_review_domain_c_decisions_v0_1.csv
RVIEW-067,PAIR,C,C,REQ-AUTHORING-TRACE-002,REQ-AUTHORING-TRACE-004,教材または問題集について、 作成目的および出題方針を記録できること。,教材または問題集について、 機械検証および人によるレビューの実施結果を記録できること。,初期リリース必須,初期リリース必須,OPS,OPS,SIMILARITY_SAME_PREFIX,,requirements_similarity_candidates_v0_1.txt block=11 similarity=0.408 prefix=AUTHORING-TRACE,REVIEWED,KEEP_SEPARATE,作成目的および方針と、検証・レビューの実施結果は異なる追跡対象である。,NO,C,full_rebuild_detailed_requirement_review_domain_c_decisions_v0_1.csv
RVIEW-068,PAIR,C,C,REQ-AUTHORING-TRACE-003,REQ-AUTHORING-TRACE-004,教材または問題集について、 問題数、対象範囲、問題形式などの作成結果を記録できること。,教材または問題集について、 機械検証および人によるレビューの実施結果を記録できること。,初期リリース必須,初期リリース必須,OPS,OPS,SIMILARITY_SAME_PREFIX,,requirements_similarity_candidates_v0_1.txt block=16 similarity=0.370 prefix=AUTHORING-TRACE,REVIEWED,KEEP_SEPARATE,教材作成結果の記録と、その結果に対する機械検証・人手レビューの記録は異なる工程成果である。,NO,C,full_rebuild_detailed_requirement_review_domain_c_decisions_v0_1.csv
RVIEW-069,PAIR,C,C,REQ-COPYRIGHT-003,REQ-REGISTRATION-002,資料ごとに、 公開可能、非公開、家庭内限定などの 利用範囲を設定できること。,教材登録前に、 教材、問題、本文、図表、音声などの公開範囲を確認できること。,初期リリース必須,初期リリース必須,DATA,OPS,CONTRADICTION,,requirements_contradiction_candidates_v0_1.txt block=19 similarity=0.180,REVIEWED,KEEP_SEPARATE,資料ごとの利用範囲を設定するデータ要件と、教材登録前に公開範囲を確認する工程要件であり、相互補完関係にある。,NO,C,full_rebuild_detailed_requirement_review_domain_c_decisions_v0_1.csv
RVIEW-070,SINGLE,C,,REQ-COPYRIGHT-002,,少なくとも次の権利状態を区別できること。 - 自作 - 公式資料 - 教科書 - ワーク - 市販問題集 - パブリックドメイン - 利用許諾済み - 不明,,初期リリース必須,,DATA,,GRANULARITY,,requirements_granularity_candidates_v0_1.txt block=18 score=17.62 length=62 bullets=8 numbered=0 connectors=1,REVIEWED,KEEP_SEPARATE,列挙は資料に設定する権利状態の分類値であり、個別要求へ分割する必要はない。,NO,C,full_rebuild_detailed_requirement_review_domain_c_decisions_v0_1.csv
RVIEW-071,SINGLE,C,,REQ-COVERAGE-008,,1つの学習対象について、 異なる問題形式または異なる観点から 確認する問題を関連付けられること。 例として、次を想定する。 - 読む - 書く - 意味を理解する - 文脈で使い分ける - 説明する - 応用する,,初期リリース必須,,DATA,,GRANULARITY,,requirements_granularity_candidates_v0_1.txt block=41 score=13.91 length=91 bullets=6 numbered=0 connectors=1,REVIEWED,KEEP_SEPARATE,列挙は1つの学習対象を異なる観点・形式から確認する方法の例であり、共通の網羅性要件として一体で扱う。,NO,C,full_rebuild_detailed_requirement_review_domain_c_decisions_v0_1.csv
RVIEW-072,SINGLE,C,,REQ-QUALITY-REVIEW-002,,機械検証では、 少なくとも次を確認できること。 - 一意IDの重複 - 必須項目の欠落 - 無効な参照 - 許可されていない値 - 問題数および内訳の整合 - 同一または近似した問題文の重複候補,,初期リリース必須,,FUNC,,GRANULARITY,,requirements_granularity_candidates_v0_1.txt block=27 score=15.84 length=84 bullets=6 numbered=0 connectors=3,REVIEWED,KEEP_SEPARATE,列挙は教材データに対する機械検証項目であり、1つの検証機能の受入条件としてまとめて保持する。,NO,C,full_rebuild_detailed_requirement_review_domain_c_decisions_v0_1.csv
RVIEW-073,SINGLE,C,,REQ-QUALITY-REVIEW-003,,内容レビューでは、 少なくとも次を確認できること。 - 出題範囲への適合 - 正答の妥当性 - 答えが一意に定まるか - 問題文の曖昧さ - 選択肢の自然さと妥当性 - 難易度の適切さ - 問題形式や分野の偏り - 解答・解説の十分性 - 著作権上の問題 - 学習目的との適合,,初期リリース必須,,OPS,,GRANULARITY,,requirements_granularity_candidates_v0_1.txt block=8 score=22.17 length=117 bullets=10 numbered=0 connectors=1,REVIEWED,KEEP_SEPARATE,列挙は人による内容レビューで確認する品質観点であり、レビュー工程全体の確認項目として一体で扱う。,NO,C,full_rebuild_detailed_requirement_review_domain_c_decisions_v0_1.csv
RVIEW-074,SINGLE,C,,REQ-REGISTRATION-001,,教材登録前に、 その教材を利用する学習方法および機能を確認できること。 少なくとも次を確認対象とする。 - 通常の画面学習 - 目的別問題集 - 印刷 - 図表表示 - 音声再生 - スピーキング練習,,初期リリース必須,,OPS,,GRANULARITY,,requirements_granularity_candidates_v0_1.txt block=36 score=14.86 length=86 bullets=6 numbered=0 connectors=2,REVIEWED,KEEP_SEPARATE,列挙は教材登録前に利用可能性を確認する機能種別であり、共通の登録前確認要件として維持する。,NO,C,full_rebuild_detailed_requirement_review_domain_c_decisions_v0_1.csv
RVIEW-075,SINGLE,C,,REQ-REGISTRATION-COMPLETE-002,,画面学習に使用する教材について、 少なくとも次を確認できること。 - 教材を選択できる - 問題を開始できる - 問題および解答を表示できる - 回答を記録できる - 学習セッションを完了できる,,初期リリース必須,,OPS,,GRANULARITY,,requirements_granularity_candidates_v0_1.txt block=52 score=12.86 length=86 bullets=5 numbered=0 connectors=2,REVIEWED,KEEP_SEPARATE,列挙は画面学習用教材の登録完了を判定する一連の利用確認条件であり、分割すると完了条件の全体性が失われる。,NO,C,full_rebuild_detailed_requirement_review_domain_c_decisions_v0_1.csv
RVIEW-076,SINGLE,C,,REQ-SOURCE-003,,1つの問題に複数の出典資料を関連付けられること。 対象例: - 教科書 - 学校ワーク - 配布プリント - 自主学習教材 - 過去問,,初期リリース必須,,DATA,,GRANULARITY,,requirements_granularity_candidates_v0_1.txt block=68 score=10.56 length=56 bullets=5 numbered=0 connectors=0,REVIEWED,KEEP_SEPARATE,列挙は1つの問題へ関連付け可能な出典資料の種別例であり、共通の多対多関連要件として維持する。,NO,C,full_rebuild_detailed_requirement_review_domain_c_decisions_v0_1.csv
RVIEW-077,SINGLE,C,,REQ-SOURCE-005,,問題について、 作成区分を管理できること。 初期候補: - 教科書基本 - 教材補完 - 統合 - 応用 - 発展,,初期リリース必須,,DATA,,GRANULARITY,,requirements_granularity_candidates_v0_1.txt block=72 score=10.45 length=45 bullets=5 numbered=0 connectors=0,REVIEWED,KEEP_SEPARATE,列挙は問題の作成区分として使用する分類値の候補であり、各区分を独立要求へ分割する必要はない。,NO,C,full_rebuild_detailed_requirement_review_domain_c_decisions_v0_1.csv
RVIEW-078,PAIR,D,D,REQ-COLLECTION-002,REQ-PURPOSE-005,問題集は、 明示的に選択した問題によって構成できること。,目的別問題集を、 管理者が明示的に選択した問題の集合として作成できること。,初期リリース必須,初期リリース必須,RULE,FUNC,SIMILARITY_CROSS_PREFIX,,requirements_cross_prefix_similarity_candidates_v0_1.txt block=26 similarity=0.375,REVIEWED,KEEP_SEPARATE,問題集を明示選択問題で構成できる一般要件と、目的別問題集を管理者の明示選択で作成する具体化要件である。,NO,D,full_rebuild_detailed_requirement_review_domain_d_decisions_v0_1.csv
RVIEW-079,PAIR,D,D,REQ-COLLECTION-002,REQ-PURPOSE-007,問題集は、 明示的に選択した問題によって構成できること。,明示的に選択した問題と、 抽出条件で選択した問題を組み合わせて 目的別問題集を構成できること。,初期リリース必須,初期リリース後,RULE,FUNC,CONTRADICTION;SIMILARITY_CROSS_PREFIX,,requirements_cross_prefix_similarity_candidates_v0_1.txt block=28 similarity=0.372 || requirements_contradiction_candidates_v0_1.txt block=5 similarity=0.372,REVIEWED,KEEP_SEPARATE,明示選択だけで問題集を構成する初期要件と、明示選択と抽出条件を組み合わせる後続拡張要件であり、矛盾しない。,NO,D,full_rebuild_detailed_requirement_review_domain_d_decisions_v0_1.csv
RVIEW-080,PAIR,D,D,REQ-COLLECTION-003,REQ-PURPOSE-006,問題集を、 学習テーマ、出典範囲、難易度、問題形式などの抽出条件から構成できること。,目的別問題集を、 分類、出典範囲、問題形式、難易度、学習履歴などの 抽出条件から動的に構成できること。,初期リリース後,初期リリース後,RULE,FUNC,SIMILARITY_CROSS_PREFIX,,requirements_cross_prefix_similarity_candidates_v0_1.txt block=5 similarity=0.500,REVIEWED,KEEP_SEPARATE,一般問題集を分類・範囲・難易度などから構成する要件と、目的別問題集を学習履歴も含めて動的構成する要件であり、対象と条件が異なる。,NO,D,full_rebuild_detailed_requirement_review_domain_d_decisions_v0_1.csv
RVIEW-081,PAIR,D,F,REQ-MODE-001,REQ-PROGRESS-002,問題集と出題方法を分離し、 同じ問題集を複数の学習モードで実行できること。,同じ問題を複数の問題集で利用した場合も、 問題ごとの進捗を共有すること。,初期リリース必須,初期リリース必須,RULE,RULE,CONTRADICTION,,requirements_contradiction_candidates_v0_1.txt block=23 similarity=0.173,REVIEWED,KEEP_SEPARATE,問題集と出題方法を分離する実行設計と、同じ問題を複数問題集で利用した際の進捗共有は異なる責務であり、相互補完関係にある。,NO,D,full_rebuild_detailed_requirement_review_domain_d_decisions_v0_1.csv
RVIEW-082,PAIR,D,D,REQ-MODE-006,REQ-MODE-007,未着手問題だけを出題するモードを提供すること。,対象範囲からランダムに確認するモードを提供すること。,初期リリース必須,初期リリース必須,FUNC,FUNC,SIMILARITY_SAME_PREFIX,,requirements_similarity_candidates_v0_1.txt block=31 similarity=0.303 prefix=MODE,REVIEWED,KEEP_SEPARATE,未着手問題だけを抽出するモードと、対象範囲から無作為に抽出するモードは異なる出題条件である。,NO,D,full_rebuild_detailed_requirement_review_domain_d_decisions_v0_1.csv
RVIEW-083,PAIR,D,D,REQ-PURPOSE-005,REQ-PURPOSE-007,目的別問題集を、 管理者が明示的に選択した問題の集合として作成できること。,明示的に選択した問題と、 抽出条件で選択した問題を組み合わせて 目的別問題集を構成できること。,初期リリース必須,初期リリース後,FUNC,FUNC,CONTRADICTION;SIMILARITY_SAME_PREFIX,,requirements_similarity_candidates_v0_1.txt block=14 similarity=0.388 prefix=PURPOSE || requirements_contradiction_candidates_v0_1.txt block=4 similarity=0.388,REVIEWED,KEEP_SEPARATE,明示選択のみで目的別問題集を構成する初期機能と、抽出条件を併用する後続拡張機能であり、段階的な機能差として妥当である。,NO,D,full_rebuild_detailed_requirement_review_domain_d_decisions_v0_1.csv
RVIEW-084,SINGLE,D,,REQ-EXAM-PART-002,,試験区分ごとに、 少なくとも次を管理できること。 - 測定する知識または技能 - 出題形式 - 制限時間 - 問題数または構成 - 合格または評価の基準 - 実施順序 適用されない項目は省略できること。,,初期リリース必須,,DATA,,GRANULARITY,,requirements_granularity_candidates_v0_1.txt block=22 score=16.87 length=87 bullets=6 numbered=0 connectors=4,REVIEWED,KEEP_SEPARATE,列挙は試験区分という単一管理対象に属する構成属性であり、適用されない項目も省略可能なため、一体の要件として維持する。,NO,D,full_rebuild_detailed_requirement_review_domain_d_decisions_v0_1.csv
RVIEW-085,SINGLE,D,,REQ-PURPOSE-003,,目的別問題集について、 少なくとも次の用途を扱えること。 - 定期テスト対策 - 検定対策 - 弱点補強 - 復習 - 本番形式演習 - 印刷用演習 - 移動中・運動中の短時間演習,,初期リリース必須,,SCOPE,,GRANULARITY,,requirements_granularity_candidates_v0_1.txt block=30 score=15.75 length=75 bullets=7 numbered=0 connectors=1,REVIEWED,KEEP_SEPARATE,列挙は目的別問題集で扱う用途の分類値であり、用途ごとの独立要求へ分割する必要はない。,NO,D,full_rebuild_detailed_requirement_review_domain_d_decisions_v0_1.csv
RVIEW-086,SINGLE,D,,REQ-PURPOSE-009,,目的別問題集について、少なくとも次を管理できること。 - 表示名 - 説明 - 学習目的 - 問題の選択方法 - 対象問題 - 出題順 - 出題数 - タイマー設定 - 印刷設定 - 公開状態,,初期リリース必須,,DATA,,GRANULARITY,,requirements_granularity_candidates_v0_1.txt block=9 score=21.76 length=76 bullets=10 numbered=0 connectors=1,REVIEWED,KEEP_SEPARATE,列挙は目的別問題集という単一エンティティの管理属性であり、一体のデータ要件として保持する。,NO,D,full_rebuild_detailed_requirement_review_domain_d_decisions_v0_1.csv
RVIEW-087,SINGLE,D,,REQ-QUIZ-002,,次の出題順を選択できること。 - 難易度順 - 学習内容順 - 弱点優先 - 最近の誤答優先 - 復習優先度順,,初期リリース後,,FUNC,,GRANULARITY,,requirements_granularity_candidates_v0_1.txt block=71 score=10.45 length=45 bullets=5 numbered=0 connectors=0,REVIEWED,KEEP_SEPARATE,列挙は選択可能な出題順の種類であり、共通の出題順選択機能として一体で扱う。,NO,D,full_rebuild_detailed_requirement_review_domain_d_decisions_v0_1.csv
RVIEW-088,PAIR,E,E,REQ-TIME-001,REQ-TIME-002,問題所要時間は、 問題を表示した時点から計測を開始すること。,問題所要時間は、 学習者が回答表示を要求した時点、 または制限時間が終了した時点で計測を終了すること。,初期リリース必須,初期リリース必須,RULE,RULE,SIMILARITY_SAME_PREFIX,,requirements_similarity_candidates_v0_1.txt block=33 similarity=0.300 prefix=TIME,REVIEWED,KEEP_SEPARATE,問題所要時間の計測開始条件と計測終了条件は、同一計測仕様の異なる境界条件であり、両方を明示する必要がある。,NO,E,full_rebuild_detailed_requirement_review_domain_e_decisions_v0_1.csv
RVIEW-089,SINGLE,E,,REQ-MOBILE-003,,移動中・運動中の学習では、 次のような問題を除外できること。 - 書き取り - 作図 - 英作文 - 長文読解 - 複雑な表・グラフ読解 - 途中式が必要な問題,,初期リリース必須,,FUNC,,GRANULARITY,,requirements_granularity_candidates_v0_1.txt block=55 score=12.67 length=67 bullets=6 numbered=0 connectors=0,REVIEWED,KEEP_SEPARATE,列挙は移動中・運動中の学習に適さない問題形式の例であり、共通の除外条件として一体で扱う。,NO,E,full_rebuild_detailed_requirement_review_domain_e_decisions_v0_1.csv
RVIEW-090,SINGLE,E,,REQ-RESUME-002,,再開時に、少なくとも次を復元できること。 - 実行した教材または目的別問題集 - 学習モード - 出題設定 - 問題順 - 回答済み問題 - 未回答問題 - 周回情報,,初期リリース必須,,FUNC,,GRANULARITY,,requirements_granularity_candidates_v0_1.txt block=26 score=16.69 length=69 bullets=7 numbered=0 connectors=2,REVIEWED,KEEP_SEPARATE,列挙は学習セッション再開時に復元する状態の集合であり、一連の再開完了条件としてまとめて保持する。,NO,E,full_rebuild_detailed_requirement_review_domain_e_decisions_v0_1.csv
RVIEW-091,PAIR,F,D,REQ-CYCLE-003,REQ-MODE-003,周回実施後、 誤答またはパスした問題だけを次周へ残すこと。,周回練習モードを提供すること。 周回練習では、 前回の周回で誤答またはパスした問題だけを 次の周回へ残す。,初期リリース必須,初期リリース必須,RULE,FUNC,SIMILARITY_CROSS_PREFIX,,requirements_cross_prefix_similarity_candidates_v0_1.txt block=25 similarity=0.383,REVIEWED,KEEP_SEPARATE,誤答またはパスだけを次周へ残す周回処理の規則と、その規則を利用する周回練習モードを提供する機能要件である。,NO,F,full_rebuild_detailed_requirement_review_domain_f_decisions_v0_1.csv
RVIEW-092,PAIR,F,H,REQ-CYCLE-009,REQ-SYNC-004,実行中に周回がリセットまたは更新された場合、 古い学習セッションの結果で 新しい周回状態を上書きしないこと。,周回状態や学習セッションの競合について、 古い更新が新しい状態を上書きしないこと。,初期リリース必須,初期リリース必須,QUAL,QUAL,SIMILARITY_CROSS_PREFIX,,requirements_cross_prefix_similarity_candidates_v0_1.txt block=24 similarity=0.383,REVIEWED,KEEP_SEPARATE,実行中に周回状態が変更された場合の具体的な競合防止要件と、周回状態・学習セッション全般に対する古い更新の上書き防止原則である。,NO,F,full_rebuild_detailed_requirement_review_domain_f_decisions_v0_1.csv
RVIEW-093,PAIR,F,F,REQ-EVENT-002,REQ-EVENT-004,学習セッションについて、少なくとも次を保存すること。 - 開始日時 - 終了日時 - 実行した教材または問題集 - 学習モード - 出題設定 - 出題問題 - 途中終了の有無,回答イベントについて、少なくとも次を保存すること。 - 学習セッション - 問題 - 判定結果 - 判定日時 - 問題所要時間 - 手動回答表示またはタイムアウト - 学習モード - 実行した目的別問題集 - 周回情報,初期リリース必須,初期リリース必須,DATA,DATA,SIMILARITY_SAME_PREFIX,,requirements_similarity_candidates_v0_1.txt block=24 similarity=0.333 prefix=EVENT,REVIEWED,KEEP_SEPARATE,学習セッション全体の実行情報と、問題への個別回答ごとのイベント情報は記録単位および属性が異なる。,NO,F,full_rebuild_detailed_requirement_review_domain_f_decisions_v0_1.csv
RVIEW-094,PAIR,F,F,REQ-EVENT-003,REQ-RESET-006,問題への1回の回答を、 回答イベントとして保存すること。,履歴の削除後は、 残っている回答イベントから 定着状態を再計算すること。,初期リリース必須,初期リリース必須,DATA,FUNC,CONTRADICTION,,requirements_contradiction_candidates_v0_1.txt block=22 similarity=0.174,REVIEWED,KEEP_SEPARATE,個々の回答をイベントとして保存するデータ要件と、履歴削除後に残存イベントから定着状態を再計算する処理要件であり、矛盾しない。,NO,F,full_rebuild_detailed_requirement_review_domain_f_decisions_v0_1.csv
RVIEW-095,PAIR,F,H,REQ-EVENT-004,REQ-EXPORT-002,回答イベントについて、少なくとも次を保存すること。 - 学習セッション - 問題 - 判定結果 - 判定日時 - 問題所要時間 - 手動回答表示またはタイムアウト - 学習モード - 実行した目的別問題集 - 周回情報,回答イベントのエクスポートには、 少なくとも次を含めること。 - セッション識別情報 - 実行対象 - 学習モード - 問題 - 判定結果 - 判定日時 - 回答表示方法 - 制限時間 - 実所要時間 - 途中終了の有無 - 周回情報,初期リリース必須,初期リリース後,DATA,DATA,CONTRADICTION,,requirements_contradiction_candidates_v0_1.txt block=7 similarity=0.351,REVIEWED,KEEP_SEPARATE,回答イベントとして内部保存する属性と、外部エクスポートへ含める属性を定める要件であり、保存形式と出力形式の責務が異なる。,NO,F,full_rebuild_detailed_requirement_review_domain_f_decisions_v0_1.csv
RVIEW-096,PAIR,F,F,REQ-MASTERY-010,REQ-MASTERY-014,定着状態、忘却リスク、復習状態などを、 回答イベントから再計算できること。,正解回数、誤答回数、パス回数、正答率などの集計値を、 回答イベントから再計算できること。,初期リリース必須,初期リリース必須,RULE,FUNC,SIMILARITY_SAME_PREFIX,,requirements_similarity_candidates_v0_1.txt block=19 similarity=0.354 prefix=MASTERY,REVIEWED,KEEP_SEPARATE,定着状態・忘却リスク・復習状態などの派生状態と、正誤回数・パス回数・正答率などの基本集計値は異なる計算結果である。,NO,F,full_rebuild_detailed_requirement_review_domain_f_decisions_v0_1.csv
RVIEW-097,PAIR,F,F,REQ-MASTERY-012,REQ-RESET-006,定着判定アルゴリズムを変更した場合、 保存済みの回答イベントから 全問題の定着状態を再評価できること。,履歴の削除後は、 残っている回答イベントから 定着状態を再計算すること。,初期リリース必須,初期リリース必須,FUNC,FUNC,CONTRADICTION,,requirements_contradiction_candidates_v0_1.txt block=12 similarity=0.226,REVIEWED,KEEP_SEPARATE,定着判定アルゴリズム変更時の全問題再評価と、履歴削除後に残った回答イベントによる再計算では、起点と対象範囲が異なる。,NO,F,full_rebuild_detailed_requirement_review_domain_f_decisions_v0_1.csv
RVIEW-098,PAIR,F,F,REQ-MASTERY-012,REQ-SUMMARY-004,定着判定アルゴリズムを変更した場合、 保存済みの回答イベントから 全問題の定着状態を再評価できること。,進捗サマリーの数値を、 保存済みの固定集計値だけに依存せず 回答イベントと関連データから再計算できること。,初期リリース必須,初期リリース必須,FUNC,FUNC,CONTRADICTION,,requirements_contradiction_candidates_v0_1.txt block=20 similarity=0.177,REVIEWED,KEEP_SEPARATE,定着判定アルゴリズムに基づく全問題の定着状態再評価と、進捗サマリー数値の再計算は異なる派生情報を対象とする。,NO,F,full_rebuild_detailed_requirement_review_domain_f_decisions_v0_1.csv
RVIEW-099,PAIR,F,F,REQ-PROGRESS-001,REQ-PROGRESS-003,問題ごとの進捗を永続的に保存すること。,学習テーマや出題分野の進捗を、 問題ごとの進捗から集計すること。,初期リリース必須,初期リリース必須,DATA,FUNC,SIMILARITY_SAME_PREFIX,,requirements_similarity_candidates_v0_1.txt block=32 similarity=0.303 prefix=PROGRESS,REVIEWED,KEEP_SEPARATE,問題ごとの基礎進捗を永続保存する要件と、その進捗から学習テーマ・出題分野の進捗を集計する要件である。,NO,F,full_rebuild_detailed_requirement_review_domain_f_decisions_v0_1.csv
RVIEW-100,PAIR,F,F,REQ-PROGRESS-003,REQ-PROGRESS-004,学習テーマや出題分野の進捗を、 問題ごとの進捗から集計すること。,教材、学習テーマ、出題分野、問題集など、 複数の単位で進捗を集計・表示できること。,初期リリース必須,初期リリース必須,FUNC,FUNC,SIMILARITY_SAME_PREFIX,,requirements_similarity_candidates_v0_1.txt block=38 similarity=0.283 prefix=PROGRESS,REVIEWED,KEEP_SEPARATE,学習テーマ・出題分野の進捗を問題単位から算出する要件と、教材や問題集を含む複数単位で集計・表示する機能要件である。,NO,F,full_rebuild_detailed_requirement_review_domain_f_decisions_v0_1.csv
RVIEW-101,PAIR,F,F,REQ-PROGRESS-005,REQ-PROGRESS-008,問題ごとの長期進捗・定着状態は、 問題を利用した教材や目的別問題集にかかわらず共有すること。,目的別問題集での回答も、 問題ごとの長期進捗・定着状態へ反映すること。,初期リリース必須,初期リリース必須,DATA,DATA,SIMILARITY_SAME_PREFIX,,requirements_similarity_candidates_v0_1.txt block=13 similarity=0.388 prefix=PROGRESS,REVIEWED,KEEP_SEPARATE,問題の長期進捗を利用元にかかわらず共有する一般原則と、目的別問題集での回答もその長期進捗へ反映する具体的な規則である。,NO,F,full_rebuild_detailed_requirement_review_domain_f_decisions_v0_1.csv
RVIEW-102,PAIR,F,F,REQ-PROGRESS-007,REQ-PROGRESS-008,問題ごとの長期進捗と、 目的別問題集固有の達成状況を混同しないこと。,目的別問題集での回答も、 問題ごとの長期進捗・定着状態へ反映すること。,初期リリース必須,初期リリース必須,DATA,DATA,SIMILARITY_SAME_PREFIX,,requirements_similarity_candidates_v0_1.txt block=35 similarity=0.289 prefix=PROGRESS,REVIEWED,KEEP_SEPARATE,問題の長期進捗と目的別問題集固有の達成状況を分離する原則と、目的別問題集での回答を長期進捗へ反映する規則は両立する。,NO,F,full_rebuild_detailed_requirement_review_domain_f_decisions_v0_1.csv
RVIEW-103,PAIR,F,F,REQ-PROGRESS-007,REQ-PROGRESS-009,問題ごとの長期進捗と、 目的別問題集固有の達成状況を混同しないこと。,目的別問題集の達成状況をリセットしても、 問題ごとの長期回答履歴と定着状態を 自動的には削除しないこと。,初期リリース必須,初期リリース必須,DATA,DATA,SIMILARITY_SAME_PREFIX,,requirements_similarity_candidates_v0_1.txt block=23 similarity=0.339 prefix=PROGRESS,REVIEWED,KEEP_SEPARATE,長期進捗と目的別達成状況を分離する一般原則と、目的別達成状況をリセットしても長期履歴を削除しない具体的な保持規則である。,NO,F,full_rebuild_detailed_requirement_review_domain_f_decisions_v0_1.csv
RVIEW-104,SINGLE,F,,REQ-CATALOG-PROGRESS-002,,カタログ項目ごとに、 少なくとも次を確認できること。 - 関連問題数 - 回答済み問題数 - 未回答問題数 - 正解・不正解・パスの実績 - 現在の定着状況 - 復習が必要な問題数,,初期リリース必須,,FUNC,,GRANULARITY,,requirements_granularity_candidates_v0_1.txt block=44 score=13.77 length=77 bullets=6 numbered=0 connectors=1,REVIEWED,KEEP_SEPARATE,列挙はカタログ項目単位の進捗確認でまとめて表示する指標群であり、個別機能へ分割する必要はない。,NO,F,full_rebuild_detailed_requirement_review_domain_f_decisions_v0_1.csv
RVIEW-105,SINGLE,F,,REQ-EVENT-002,,学習セッションについて、少なくとも次を保存すること。 - 開始日時 - 終了日時 - 実行した教材または問題集 - 学習モード - 出題設定 - 出題問題 - 途中終了の有無,,初期リリース必須,,DATA,,GRANULARITY,,requirements_granularity_candidates_v0_1.txt block=25 score=16.73 length=73 bullets=7 numbered=0 connectors=2,REVIEWED,KEEP_SEPARATE,列挙は学習セッションという単一イベントに保存する実行属性であり、一体のデータ要件として維持する。,NO,F,full_rebuild_detailed_requirement_review_domain_f_decisions_v0_1.csv
RVIEW-106,SINGLE,F,,REQ-EVENT-004,,回答イベントについて、少なくとも次を保存すること。 - 学習セッション - 問題 - 判定結果 - 判定日時 - 問題所要時間 - 手動回答表示またはタイムアウト - 学習モード - 実行した目的別問題集 - 周回情報,,初期リリース必須,,DATA,,GRANULARITY,,requirements_granularity_candidates_v0_1.txt block=11 score=20.91 length=91 bullets=9 numbered=0 connectors=2,REVIEWED,KEEP_SEPARATE,列挙は1回の回答イベントに保存する判定・時間・実行文脈の属性であり、分割するとイベントの完全性が失われる。,NO,F,full_rebuild_detailed_requirement_review_domain_f_decisions_v0_1.csv
RVIEW-107,SINGLE,F,,REQ-SUMMARY-001,,学習対象について、 少なくとも次の数を集計できること。 - 総問題数 - 未着手問題数 - 取り組み済み問題数 - 復習が必要な問題数 - 現在定着している問題数,,初期リリース必須,,FUNC,,GRANULARITY,,requirements_granularity_candidates_v0_1.txt block=59 score=11.70 length=70 bullets=5 numbered=0 connectors=1,REVIEWED,KEEP_SEPARATE,列挙は学習対象の進捗サマリーを構成する相互に関連した件数指標であり、共通の集計機能として扱う。,NO,F,full_rebuild_detailed_requirement_review_domain_f_decisions_v0_1.csv
RVIEW-108,PAIR,G,G,REQ-ADMIN-001,REQ-ADMIN-002,管理用画面から、 教材、問題、目的別問題集、学習分類を確認できること。,管理用画面から、 目的別問題集を作成・編集・公開管理できること。,初期リリース必須,初期リリース必須,FUNC,FUNC,SIMILARITY_SAME_PREFIX,,requirements_similarity_candidates_v0_1.txt block=12 similarity=0.405 prefix=ADMIN,REVIEWED,KEEP_SEPARATE,教材・問題・目的別問題集・学習分類を横断的に確認する管理機能と、目的別問題集を作成・編集・公開管理する操作機能は責務が異なる。,NO,G,full_rebuild_detailed_requirement_review_domain_g_decisions_v0_1.csv
RVIEW-109,PAIR,G,G,REQ-ADMIN-001,REQ-ADMIN-003,管理用画面から、 教材、問題、目的別問題集、学習分類を確認できること。,管理用画面から、 問題の分類、出典、難易度、問題形式、表示資料、 印刷属性を確認できること。,初期リリース必須,初期リリース必須,FUNC,FUNC,SIMILARITY_SAME_PREFIX,,requirements_similarity_candidates_v0_1.txt block=28 similarity=0.319 prefix=ADMIN,REVIEWED,KEEP_SEPARATE,管理対象全体を確認する総合機能と、問題の分類・出典・難易度・表示資料・印刷属性を詳細確認する機能である。,NO,G,full_rebuild_detailed_requirement_review_domain_g_decisions_v0_1.csv
RVIEW-110,PAIR,G,G,REQ-ADMIN-001,REQ-ADMIN-004,管理用画面から、 教材、問題、目的別問題集、学習分類を確認できること。,管理用画面から、 学習履歴、問題別進捗、弱点・定着状態、 目的別問題集の達成状況、周回状況を確認できること。,初期リリース必須,初期リリース必須,FUNC,FUNC,SIMILARITY_SAME_PREFIX,,requirements_similarity_candidates_v0_1.txt block=15 similarity=0.380 prefix=ADMIN,REVIEWED,KEEP_SEPARATE,教材・問題などの管理対象確認と、学習履歴・進捗・弱点・周回状態の確認は対象データが異なる。,NO,G,full_rebuild_detailed_requirement_review_domain_g_decisions_v0_1.csv
RVIEW-111,PAIR,G,G,REQ-ADMIN-001,REQ-ADMIN-005,管理用画面から、 教材、問題、目的別問題集、学習分類を確認できること。,管理用画面から、 教材や問題の登録内容に対する データ検証結果を確認できること。,初期リリース必須,初期リリース必須,FUNC,FUNC,SIMILARITY_SAME_PREFIX,,requirements_similarity_candidates_v0_1.txt block=20 similarity=0.348 prefix=ADMIN,REVIEWED,KEEP_SEPARATE,登録済み管理対象の確認と、教材・問題データに対する検証結果の確認は異なる管理機能である。,NO,G,full_rebuild_detailed_requirement_review_domain_g_decisions_v0_1.csv
RVIEW-112,PAIR,G,G,REQ-ADMIN-002,REQ-ADMIN-004,管理用画面から、 目的別問題集を作成・編集・公開管理できること。,管理用画面から、 学習履歴、問題別進捗、弱点・定着状態、 目的別問題集の達成状況、周回状況を確認できること。,初期リリース必須,初期リリース必須,FUNC,FUNC,SIMILARITY_SAME_PREFIX,,requirements_similarity_candidates_v0_1.txt block=37 similarity=0.288 prefix=ADMIN,REVIEWED,KEEP_SEPARATE,目的別問題集の作成・編集・公開管理と、その問題集を含む学習進捗・達成状況の確認は異なる責務である。,NO,G,full_rebuild_detailed_requirement_review_domain_g_decisions_v0_1.csv
RVIEW-113,PAIR,G,D,REQ-ADMIN-002,REQ-PURPOSE-010,管理用画面から、 目的別問題集を作成・編集・公開管理できること。,公開前の目的別問題集は、 子ども用画面から開始できないこと。,初期リリース必須,初期リリース必須,FUNC,RULE,CONTRADICTION,,requirements_contradiction_candidates_v0_1.txt block=10 similarity=0.308,REVIEWED,KEEP_SEPARATE,管理者が目的別問題集を公開管理する機能と、公開前の問題集を子どもが開始できない制約は相互補完関係にある。,NO,G,full_rebuild_detailed_requirement_review_domain_g_decisions_v0_1.csv
RVIEW-114,PAIR,G,G,REQ-ADMIN-004,REQ-DASHBOARD-003,管理用画面から、 学習履歴、問題別進捗、弱点・定着状態、 目的別問題集の達成状況、周回状況を確認できること。,管理用画面では、 少なくとも次の単位で進捗を確認できること。 - 問題 - 学習テーマ - 教材 - 目的別問題集 - 周回 - 弱点・定着状態,初期リリース必須,初期リリース必須,FUNC,FUNC,SIMILARITY_CROSS_PREFIX,,requirements_cross_prefix_similarity_candidates_v0_1.txt block=32 similarity=0.364,REVIEWED,KEEP_SEPARATE,管理画面で確認できる進捗情報全般の要件と、ダッシュボードで確認する集計単位を定める具体化要件である。,NO,G,full_rebuild_detailed_requirement_review_domain_g_decisions_v0_1.csv
RVIEW-115,PAIR,G,F,REQ-ADMIN-008,REQ-RESET-005,削除、復元、全体リセットなど影響の大きい操作では、 対象と影響範囲を明示し、確認操作を要求すること。,学習事実を削除する操作では、 削除対象と影響範囲を事前に表示し、 強い確認操作を要求すること。,初期リリース必須,初期リリース必須,RULE,RULE,SIMILARITY_CROSS_PREFIX,,requirements_cross_prefix_similarity_candidates_v0_1.txt block=33 similarity=0.362,REVIEWED,KEEP_SEPARATE,影響の大きい管理操作全般に対する確認原則と、学習事実削除時の影響表示・強い確認という具体化要件である。,NO,G,full_rebuild_detailed_requirement_review_domain_g_decisions_v0_1.csv
RVIEW-116,PAIR,G,D,REQ-CHILD-008,REQ-PURPOSE-010,子ども用画面では、 利用停止中、作成中、参照不能など、 開始できない教材や問題集を通常の開始候補として表示しないこと。 必要に応じて理由を分かりやすく表示する。,公開前の目的別問題集は、 子ども用画面から開始できないこと。,初期リリース必須,初期リリース必須,RULE,RULE,CONTRADICTION,,requirements_contradiction_candidates_v0_1.txt block=21 similarity=0.177,REVIEWED,KEEP_SEPARATE,開始不能な教材や問題集全般を通常候補から除外する一般原則と、未公開の目的別問題集を開始不可とする具体的規則である。,NO,G,full_rebuild_detailed_requirement_review_domain_g_decisions_v0_1.csv
RVIEW-117,PAIR,G,G,REQ-FILE-003,REQ-PAPER-002,問題用紙と解答・解説を、 別ファイルとして生成できること。,解答用紙を、 問題用紙とは別の出力物として生成できること。,初期リリース必須,初期リリース必須,FUNC,FUNC,SIMILARITY_CROSS_PREFIX,,requirements_cross_prefix_similarity_candidates_v0_1.txt block=13 similarity=0.412,REVIEWED,KEEP_SEPARATE,問題用紙と解答・解説を別ファイルで生成するファイル分割要件と、解答用紙を問題用紙とは別の出力物にする帳票要件である。,NO,G,full_rebuild_detailed_requirement_review_domain_g_decisions_v0_1.csv
RVIEW-118,PAIR,G,G,REQ-NAV-001,REQ-NAV-003,教材から選ぶ画面では、 学校教科、検定、教材などの分類から 対象教材を選択できること。,目的から選ぶ画面で、 先取り学習を選択できること。,初期リリース必須,初期リリース後,FUNC,FUNC,SIMILARITY_SAME_PREFIX,,requirements_similarity_candidates_v0_1.txt block=29 similarity=0.317 prefix=NAV,REVIEWED,KEEP_SEPARATE,教材分類から対象教材を選ぶ導線と、目的から選ぶ画面で先取り学習を選択する導線は選択軸とリリース区分が異なる。,NO,G,full_rebuild_detailed_requirement_review_domain_g_decisions_v0_1.csv
RVIEW-119,PAIR,G,G,REQ-NAV-002,REQ-NAV-003,目的から選ぶ画面では、 少なくとも次の目的から学習を選択できること。 - 定期テスト対策 - 検定対策 - 弱点補強 - 復習 - 本番形式 - 移動中・運動中の学習,目的から選ぶ画面で、 先取り学習を選択できること。,初期リリース必須,初期リリース後,FUNC,FUNC,SIMILARITY_SAME_PREFIX,,requirements_similarity_candidates_v0_1.txt block=34 similarity=0.293 prefix=NAV,REVIEWED,KEEP_SEPARATE,初期リリースで扱う主要な学習目的と、後続追加する先取り学習の選択肢であり、段階的な機能差として妥当である。,NO,G,full_rebuild_detailed_requirement_review_domain_g_decisions_v0_1.csv
RVIEW-120,PAIR,G,D,REQ-NAV-002,REQ-PURPOSE-003,目的から選ぶ画面では、 少なくとも次の目的から学習を選択できること。 - 定期テスト対策 - 検定対策 - 弱点補強 - 復習 - 本番形式 - 移動中・運動中の学習,目的別問題集について、 少なくとも次の用途を扱えること。 - 定期テスト対策 - 検定対策 - 弱点補強 - 復習 - 本番形式演習 - 印刷用演習 - 移動中・運動中の短時間演習,初期リリース必須,初期リリース必須,FUNC,SCOPE,SIMILARITY_CROSS_PREFIX,,requirements_cross_prefix_similarity_candidates_v0_1.txt block=9 similarity=0.425,REVIEWED,KEEP_SEPARATE,子どもが目的から学習を選択する画面機能と、目的別問題集として扱える用途範囲を定めるスコープ要件である。,NO,G,full_rebuild_detailed_requirement_review_domain_g_decisions_v0_1.csv
RVIEW-121,PAIR,G,G,REQ-PAPER-001,REQ-PAPER-003,問題用紙へ、 少なくとも次を出力できること。 - 問題番号 - 問題文 - 選択肢 - 図・表・グラフ - 解答欄 - 途中式欄 - 作図欄 - 注意事項,解答用紙へ、 少なくとも次を出力できること。 - 問題番号 - 解答欄 - 記述欄 - 書き取り欄 - 作文欄 - 途中式欄 - 採点欄,初期リリース必須,初期リリース必須,FUNC,FUNC,SIMILARITY_SAME_PREFIX,,requirements_similarity_candidates_v0_1.txt block=8 similarity=0.450 prefix=PAPER,REVIEWED,KEEP_SEPARATE,問題用紙に出力する問題提示要素と、解答用紙に出力する記入・採点要素は異なる帳票構成である。,NO,G,full_rebuild_detailed_requirement_review_domain_g_decisions_v0_1.csv
RVIEW-122,PAIR,G,G,REQ-PAPER-004,REQ-PRINT-002,問題ごとに、 解答用紙を必要とするかを設定できること。,問題ごとに、 印刷可能かどうかを設定できること。,初期リリース必須,初期リリース必須,FUNC,DATA,SIMILARITY_CROSS_PREFIX,,requirements_cross_prefix_similarity_candidates_v0_1.txt block=23 similarity=0.387,REVIEWED,KEEP_SEPARATE,解答用紙の必要性と印刷可能性は、問題に設定する別々の出力属性である。,NO,G,full_rebuild_detailed_requirement_review_domain_g_decisions_v0_1.csv
RVIEW-123,PAIR,G,D,REQ-PAPER-004,REQ-TIMER-001,問題ごとに、 解答用紙を必要とするかを設定できること。,問題ごとに、推奨回答時間を設定できること。,初期リリース必須,初期リリース必須,FUNC,RULE,SIMILARITY_CROSS_PREFIX,,requirements_cross_prefix_similarity_candidates_v0_1.txt block=31 similarity=0.367,REVIEWED,KEEP_SEPARATE,解答用紙要否と推奨回答時間は、印刷構成と学習時間制御という異なる属性である。,NO,G,full_rebuild_detailed_requirement_review_domain_g_decisions_v0_1.csv
RVIEW-124,PAIR,G,D,REQ-PRINT-002,REQ-TIMER-001,問題ごとに、 印刷可能かどうかを設定できること。,問題ごとに、推奨回答時間を設定できること。,初期リリース必須,初期リリース必須,DATA,RULE,SIMILARITY_CROSS_PREFIX,,requirements_cross_prefix_similarity_candidates_v0_1.txt block=15 similarity=0.407,REVIEWED,KEEP_SEPARATE,印刷可否と推奨回答時間は、問題に属する別々の利用条件である。,NO,G,full_rebuild_detailed_requirement_review_domain_g_decisions_v0_1.csv
RVIEW-125,PAIR,G,D,REQ-PRINT-006,REQ-QUIZ-005,印刷時に、 対象範囲、問題数、問題順を指定できること。,本番形式演習では、 問題数、制限時間、問題順、出題形式を固定できること。,初期リリース必須,初期リリース必須,FUNC,RULE,CONTRADICTION,,requirements_contradiction_candidates_v0_1.txt block=14 similarity=0.205,REVIEWED,KEEP_SEPARATE,印刷時に範囲・問題数・順序を利用者が指定する機能と、本番形式演習で構成を固定する実行規則は利用場面が異なる。,NO,G,full_rebuild_detailed_requirement_review_domain_g_decisions_v0_1.csv
RVIEW-126,PAIR,G,,REQ-PRINT-NAV-002,,少なくとも次を印刷対象として選択できること。 - 教材 - 目的別問題集 - 弱点問題 - 本番形式問題集,,初期リリース必須,,FUNC,,SIMILARITY_CROSS_PREFIX,REQ-PRINT-005,requirements_cross_prefix_similarity_candidates_v0_1.txt block=2 similarity=0.692,REVIEWED,LEGACY_RESOLVED,旧REQ-PRINT-005は現行正本に存在せず、教材・目的別問題集・弱点問題・本番形式問題集を印刷対象として選ぶ要件はREQ-PRINT-NAV-002として保持されている。,NO,G,full_rebuild_detailed_requirement_review_domain_g_decisions_v0_1.csv
RVIEW-127,PAIR,G,H,REQ-SAVE-STATUS-002,REQ-SYNC-007,保存失敗または未送信のデータがある場合、 利用者または管理者へ分かる形で表示すること。,同期に失敗または保留中のデータがある場合、 利用者または管理者が状態を確認できること。,初期リリース必須,初期リリース必須,FUNC,FUNC,SIMILARITY_CROSS_PREFIX,,requirements_cross_prefix_similarity_candidates_v0_1.txt block=18 similarity=0.396,REVIEWED,KEEP_SEPARATE,保存失敗または未送信状態の表示と、同期失敗または保留状態の確認は関連するが、保存処理と端末間同期という異なる状態を扱う。,NO,G,full_rebuild_detailed_requirement_review_domain_g_decisions_v0_1.csv
RVIEW-128,SINGLE,G,,REQ-CHILD-006,,学習終了時に、 少なくとも次の結果を理解しやすく表示すること。 - 実施問題数 - 正解数 - 不正解数 - パス数 - 正答率 - 未完了または次に取り組む問題,,初期リリース必須,,FUNC,,GRANULARITY,,requirements_granularity_candidates_v0_1.txt block=38 score=14.68 length=68 bullets=6 numbered=0 connectors=2,REVIEWED,KEEP_SEPARATE,列挙は学習終了時に一体として提示する結果指標であり、結果画面の完了条件としてまとめて保持する。,NO,G,full_rebuild_detailed_requirement_review_domain_g_decisions_v0_1.csv
RVIEW-129,SINGLE,G,,REQ-DASHBOARD-002,,子ども用の進捗表示では、 少なくとも次を確認できること。 - 今回または当日の正答状況 - 未完了問題数 - 誤答・パスした問題数 - 周回の残り問題数 - 次に復習すべき問題の有無,,初期リリース必須,,FUNC,,GRANULARITY,,requirements_granularity_candidates_v0_1.txt block=53 score=12.80 length=80 bullets=5 numbered=0 connectors=2,REVIEWED,KEEP_SEPARATE,列挙は子ども用進捗画面で次の行動を判断するための関連指標群であり、一体の表示要件である。,NO,G,full_rebuild_detailed_requirement_review_domain_g_decisions_v0_1.csv
RVIEW-130,SINGLE,G,,REQ-DASHBOARD-003,,管理用画面では、 少なくとも次の単位で進捗を確認できること。 - 問題 - 学習テーマ - 教材 - 目的別問題集 - 周回 - 弱点・定着状態,,初期リリース必須,,FUNC,,GRANULARITY,,requirements_granularity_candidates_v0_1.txt block=48 score=13.59 length=59 bullets=6 numbered=0 connectors=1,REVIEWED,KEEP_SEPARATE,列挙は管理者が進捗を確認する集計単位であり、共通のダッシュボード機能として扱う。,NO,G,full_rebuild_detailed_requirement_review_domain_g_decisions_v0_1.csv
RVIEW-131,SINGLE,G,,REQ-DASHBOARD-004,,次の単位で集計した進捗を確認できること。 - 検定級 - 定期テスト - 知識分類 - 技能分類 - 問題形式,,初期リリース後,,FUNC,,GRANULARITY,,requirements_granularity_candidates_v0_1.txt block=70 score=10.45 length=45 bullets=5 numbered=0 connectors=0,REVIEWED,KEEP_SEPARATE,列挙は初期リリース後に追加する分析用集計軸であり、個別機能へ分割する必要はない。,NO,G,full_rebuild_detailed_requirement_review_domain_g_decisions_v0_1.csv
RVIEW-132,SINGLE,G,,REQ-DASHBOARD-005,,学習履歴の一覧で、 少なくとも次を確認できること。 - 実施日時 - 教材または目的別問題集 - 学習モード - 問題数 - 正解・不正解・パス数 - 正答率 - 所要時間 - 途中終了の有無,,初期リリース必須,,FUNC,,GRANULARITY,,requirements_granularity_candidates_v0_1.txt block=14 score=18.79 length=79 bullets=8 numbered=0 connectors=2,REVIEWED,KEEP_SEPARATE,列挙は1件の学習履歴を理解するための表示属性であり、履歴一覧の行または詳細情報として一体で扱う。,NO,G,full_rebuild_detailed_requirement_review_domain_g_decisions_v0_1.csv
RVIEW-133,SINGLE,G,,REQ-LAYOUT-001,,少なくとも次の問題レイアウトを扱えること。 - 短答 - 選択 - 計算 - 文章題 - 書き取り - 作文 - 作図 - 表・グラフ - 面接カード,,初期リリース必須,,FUNC,,GRANULARITY,,requirements_granularity_candidates_v0_1.txt block=13 score=19.57 length=57 bullets=9 numbered=0 connectors=1,REVIEWED,KEEP_SEPARATE,列挙は扱える問題レイアウトの種類であり、共通レイアウト機能の選択肢として維持する。,NO,G,full_rebuild_detailed_requirement_review_domain_g_decisions_v0_1.csv
RVIEW-134,SINGLE,G,,REQ-MATERIAL-LOAD-004,,教材読込エラーについて、 少なくとも次を確認できること。 - 対象教材 - 失敗した処理または要素 - 再試行可能かどうか - 管理者による確認が必要かどうか,,初期リリース必須,,FUNC,,GRANULARITY,,requirements_granularity_candidates_v0_1.txt block=65 score=10.70 length=70 bullets=4 numbered=0 connectors=2,REVIEWED,KEEP_SEPARATE,列挙は教材読込エラーを診断し対応判断するための関連情報であり、1つのエラー表示要件として扱う。,NO,G,full_rebuild_detailed_requirement_review_domain_g_decisions_v0_1.csv
RVIEW-135,SINGLE,G,,REQ-NAV-002,,目的から選ぶ画面では、 少なくとも次の目的から学習を選択できること。 - 定期テスト対策 - 検定対策 - 弱点補強 - 復習 - 本番形式 - 移動中・運動中の学習,,初期リリース必須,,FUNC,,GRANULARITY,,requirements_granularity_candidates_v0_1.txt block=46 score=13.70 length=70 bullets=6 numbered=0 connectors=1,REVIEWED,KEEP_SEPARATE,列挙は目的から選ぶ画面に表示する学習目的の選択肢であり、個別画面要件への分割は不要である。,NO,G,full_rebuild_detailed_requirement_review_domain_g_decisions_v0_1.csv
RVIEW-136,SINGLE,G,,REQ-PAPER-001,,問題用紙へ、 少なくとも次を出力できること。 - 問題番号 - 問題文 - 選択肢 - 図・表・グラフ - 解答欄 - 途中式欄 - 作図欄 - 注意事項,,初期リリース必須,,FUNC,,GRANULARITY,,requirements_granularity_candidates_v0_1.txt block=19 score=17.60 length=60 bullets=8 numbered=0 connectors=1,REVIEWED,KEEP_SEPARATE,列挙は問題用紙という単一帳票を構成する表示・記入要素であり、一体の出力要件である。,NO,G,full_rebuild_detailed_requirement_review_domain_g_decisions_v0_1.csv
RVIEW-137,SINGLE,G,,REQ-PAPER-003,,解答用紙へ、 少なくとも次を出力できること。 - 問題番号 - 解答欄 - 記述欄 - 書き取り欄 - 作文欄 - 途中式欄 - 採点欄,,初期リリース必須,,FUNC,,GRANULARITY,,requirements_granularity_candidates_v0_1.txt block=34 score=15.53 length=53 bullets=7 numbered=0 connectors=1,REVIEWED,KEEP_SEPARATE,列挙は解答用紙という単一帳票を構成する記入・採点要素であり、一体の出力要件である。,NO,G,full_rebuild_detailed_requirement_review_domain_g_decisions_v0_1.csv
RVIEW-138,SINGLE,G,,REQ-PRINT-003,,印刷出力として、 少なくとも次を個別に生成できること。 - 問題用紙 - 解答用紙 - 解答一覧 - 解答・解説 - 採点表 - 再テスト用紙 - 弱点復習用紙,,初期リリース必須,,FUNC,,GRANULARITY,,requirements_granularity_candidates_v0_1.txt block=31 score=15.65 length=65 bullets=7 numbered=0 connectors=1,REVIEWED,KEEP_SEPARATE,列挙は個別生成できる印刷出力物の種類であり、共通の出力生成機能としてまとめて保持する。,NO,G,full_rebuild_detailed_requirement_review_domain_g_decisions_v0_1.csv
RVIEW-139,SINGLE,G,,REQ-PRINT-007,,印刷物へ、 少なくとも次の基本情報を出力できること。 - タイトル - 対象範囲 - 氏名欄 - 日付欄 - 制限時間 - 問題数 - 注意事項,,初期リリース必須,,FUNC,,GRANULARITY,,requirements_granularity_candidates_v0_1.txt block=33 score=15.57 length=57 bullets=7 numbered=0 connectors=1,REVIEWED,KEEP_SEPARATE,列挙は印刷物へ共通して出力する基本情報であり、帳票共通ヘッダー・条件情報として一体で扱う。,NO,G,full_rebuild_detailed_requirement_review_domain_g_decisions_v0_1.csv
RVIEW-140,SINGLE,G,,REQ-PRINT-NAV-003,,印刷時に、 少なくとも次の出力物を選択できること。 - 問題用紙 - 解答用紙 - 解答一覧 - 解答・解説 - 一式の出力パック,,初期リリース必須,,FUNC,,GRANULARITY,,requirements_granularity_candidates_v0_1.txt block=61 score=11.54 length=54 bullets=5 numbered=0 connectors=1,REVIEWED,KEEP_SEPARATE,列挙は印刷操作時に選択する出力物の組み合わせであり、1つの印刷ナビゲーション機能として維持する。,NO,G,full_rebuild_detailed_requirement_review_domain_g_decisions_v0_1.csv
RVIEW-141,SINGLE,G,,REQ-SAVE-STATUS-003,,保存失敗の表示には、 少なくとも次を含められること。 - 対象となる学習またはデータ - 最後に保存できた時点 - 再試行可能かどうか - データ消失の可能性 - 推奨する対応,,初期リリース必須,,FUNC,,GRANULARITY,,requirements_granularity_candidates_v0_1.txt block=54 score=12.77 length=77 bullets=5 numbered=0 connectors=2,REVIEWED,KEEP_SEPARATE,列挙は保存失敗時に利用者が影響と対応を判断するための情報であり、一体の状態表示要件である。,NO,G,full_rebuild_detailed_requirement_review_domain_g_decisions_v0_1.csv
RVIEW-142,SINGLE,G,,REQ-SCORING-001,,解答一覧へ、 少なくとも次を出力できること。 - 問題番号 - 正答 - 別解 - 許容表記 - 配点 - 採点上の注意,,初期リリース必須,,FUNC,,GRANULARITY,,requirements_granularity_candidates_v0_1.txt block=51 score=13.47 length=47 bullets=6 numbered=0 connectors=1,REVIEWED,KEEP_SEPARATE,列挙は解答一覧という単一出力物を構成する採点情報であり、分割不要である。,NO,G,full_rebuild_detailed_requirement_review_domain_g_decisions_v0_1.csv
RVIEW-143,SINGLE,G,,REQ-SCORING-002,,解答・解説へ、 少なくとも次を出力できること。 - 正答 - 解き方または根拠 - 注意点 - よくある誤答 - 関連する学習内容 - 復習対象となる分類,,初期リリース必須,,FUNC,,GRANULARITY,,requirements_granularity_candidates_v0_1.txt block=39 score=14.64 length=64 bullets=6 numbered=0 connectors=2,REVIEWED,KEEP_SEPARATE,列挙は解答・解説という単一出力物に必要な学習支援情報であり、一体の出力要件である。,NO,G,full_rebuild_detailed_requirement_review_domain_g_decisions_v0_1.csv
RVIEW-144,SINGLE,G,,REQ-SCORING-003,,採点表へ、 少なくとも次を記録できること。 - 正誤 - 得点 - やり直し対象 - 再テスト対象 - コメント,,初期リリース必須,,FUNC,,GRANULARITY,,requirements_granularity_candidates_v0_1.txt block=62 score=11.45 length=45 bullets=5 numbered=0 connectors=1,REVIEWED,KEEP_SEPARATE,列挙は採点表に記録する評価・再学習情報であり、1つの採点管理機能として扱う。,NO,G,full_rebuild_detailed_requirement_review_domain_g_decisions_v0_1.csv
RVIEW-145,SINGLE,G,,REQ-SPACE-001,,問題ごとに、 次の記入スペースの要否と大きさを設定できること。 - 解答欄 - 途中式欄 - 条件整理欄 - 記述欄 - 作文欄 - 作図欄 - メモ欄,,初期リリース必須,,FUNC,,GRANULARITY,,requirements_granularity_candidates_v0_1.txt block=40 score=14.61 length=61 bullets=7 numbered=0 connectors=0,REVIEWED,KEEP_SEPARATE,列挙は問題ごとに設定する記入スペースの種類であり、共通の記入欄設定機能として維持する。,NO,G,full_rebuild_detailed_requirement_review_domain_g_decisions_v0_1.csv
RVIEW-146,SINGLE,G,,REQ-SPACE-002,,記入欄について、 少なくとも次の形式を扱えること。 - 横線 - 空白 - 方眼 - グラフ用紙 - 原稿用紙 - 漢字練習升目,,初期リリース必須,,FUNC,,GRANULARITY,,requirements_granularity_candidates_v0_1.txt block=50 score=13.51 length=51 bullets=6 numbered=0 connectors=1,REVIEWED,KEEP_SEPARATE,列挙は記入欄として扱える用紙・罫線形式の選択肢であり、個別要求へ分割する必要はない。,NO,G,full_rebuild_detailed_requirement_review_domain_g_decisions_v0_1.csv
RVIEW-147,PAIR,H,H,REQ-BACKUP-001,REQ-RESTORE-001,システムが管理するデータを、 復元可能なバックアップとして出力できること。,対応するバックアップから、 管理対象データを復元できること。,初期リリース必須,初期リリース必須,FUNC,FUNC,SIMILARITY_CROSS_PREFIX,,requirements_cross_prefix_similarity_candidates_v0_1.txt block=27 similarity=0.372,REVIEWED,KEEP_SEPARATE,管理データを復元可能なバックアップとして出力する機能と、そのバックアップから管理対象データを復元する機能は対になるが別の処理である。,NO,H,full_rebuild_detailed_requirement_review_domain_h_decisions_v0_1.csv
RVIEW-148,PAIR,H,F,REQ-EXPORT-001,REQ-MASTERY-002,通常教材と目的別問題集を横断した回答イベントを、 分析可能な形式でエクスポートできること。,通常教材と目的別問題集の回答イベントを横断して、 問題ごとの長期的な定着状態を管理すること。,初期リリース後,初期リリース必須,FUNC,DATA,CONTRADICTION,,requirements_contradiction_candidates_v0_1.txt block=8 similarity=0.344,REVIEWED,KEEP_SEPARATE,回答イベントを分析用に外部出力する機能と、回答イベントを横断して問題ごとの長期定着状態を内部管理するデータ要件であり、用途とリリース区分が異なる。,NO,H,full_rebuild_detailed_requirement_review_domain_h_decisions_v0_1.csv
RVIEW-149,PAIR,H,C,REQ-INTEGRITY-002,REQ-QUALITY-REVIEW-002,少なくとも次の不整合を検出できること。 - 存在しない問題への参照 - 存在しない教材への参照 - 存在しない目的別問題集への参照 - 存在しないカタログ項目への参照 - 存在しない習得対象への参照 - 存在しないアセットへの参照 - 重複した一意ID - 必須項目の欠落 - 無効な状態値 - 許可されていない公開状態,機械検証では、 少なくとも次を確認できること。 - 一意IDの重複 - 必須項目の欠落 - 無効な参照 - 許可されていない値 - 問題数および内訳の整合 - 同一または近似した問題文の重複候補,初期リリース必須,初期リリース必須,FUNC,FUNC,CONTRADICTION,,requirements_contradiction_candidates_v0_1.txt block=11 similarity=0.266,REVIEWED,KEEP_SEPARATE,システム全体の参照・状態不整合を検出する整合性機能と、教材作成時の機械レビュー項目を定める品質確認機能であり、対象範囲と実行工程が異なる。,NO,H,full_rebuild_detailed_requirement_review_domain_h_decisions_v0_1.csv
RVIEW-150,PAIR,H,H,REQ-INTEGRITY-008,REQ-VALIDATION-002,定期的またはバックアップ前後に、 整合性検査を自動実行できること。,データの妥当性検証を、 手動確認だけに依存せず、自動実行できること。,初期リリース後,初期リリース必須,FUNC,FUNC,CONTRADICTION,,requirements_contradiction_candidates_v0_1.txt block=18 similarity=0.184,REVIEWED,KEEP_SEPARATE,データ妥当性検証を自動実行する初期の一般要件と、定期実行またはバックアップ前後に整合性検査を自動実行する後続の運用要件である。,NO,H,full_rebuild_detailed_requirement_review_domain_h_decisions_v0_1.csv
RVIEW-151,PAIR,H,F,REQ-MATERIAL-LOAD-005,REQ-RESET-003,教材切替や再読込によって、 保存済みの回答イベントや完了済み学習セッションを 誤って消去しないこと。,周回状態だけをリセットしても、 回答イベントや長期定着状態を削除しないこと。,初期リリース必須,初期リリース必須,QUAL,RULE,CONTRADICTION,,requirements_contradiction_candidates_v0_1.txt block=24 similarity=0.169,REVIEWED,KEEP_SEPARATE,教材切替・再読込時に保存済み学習事実を消去しない品質要件と、周回状態だけのリセットで回答イベントや長期定着状態を削除しない規則である。,NO,H,full_rebuild_detailed_requirement_review_domain_h_decisions_v0_1.csv
RVIEW-152,PAIR,H,H,REQ-MIGRATION-005,REQ-RESTORE-009,移行結果について、 成功件数、警告件数、失敗件数、 除外件数を確認できること。,復元結果について、 成功、警告、失敗、除外したデータを 確認できること。,初期リリース必須,初期リリース必須,FUNC,FUNC,SIMILARITY_CROSS_PREFIX,,requirements_cross_prefix_similarity_candidates_v0_1.txt block=8 similarity=0.436,REVIEWED,KEEP_SEPARATE,データ移行処理の結果件数を確認する機能と、バックアップ復元処理の成功・警告・失敗・除外結果を確認する機能であり、処理種別が異なる。,NO,H,full_rebuild_detailed_requirement_review_domain_h_decisions_v0_1.csv
RVIEW-153,PAIR,H,H,REQ-MIGRATION-006,REQ-RESTORE-008,移行後に、 必須項目、参照整合性、件数、 回答イベントと派生状態を検証すること。,復元後に、 回答イベントから再計算可能な定着状態や集計値を 必要に応じて再構築すること。,初期リリース必須,初期リリース必須,FUNC,FUNC,CONTRADICTION,,requirements_contradiction_candidates_v0_1.txt block=26 similarity=0.164,REVIEWED,KEEP_SEPARATE,移行後に必須項目・参照・件数・派生状態を検証する処理と、復元後に回答イベントから派生状態や集計値を再構築する処理であり、目的が異なる。,NO,H,full_rebuild_detailed_requirement_review_domain_h_decisions_v0_1.csv
RVIEW-154,PAIR,H,F,REQ-PERSISTENCE-004,REQ-RESET-003,回答イベントまたは学習セッションの保存を再試行しても、 同一の事実データを重複登録しないこと。,周回状態だけをリセットしても、 回答イベントや長期定着状態を削除しないこと。,初期リリース必須,初期リリース必須,QUAL,RULE,CONTRADICTION,,requirements_contradiction_candidates_v0_1.txt block=17 similarity=0.188,REVIEWED,KEEP_SEPARATE,保存再試行時に同一事実を重複登録しない冪等性要件と、周回リセット時に回答イベントや長期定着状態を保持する削除境界規則である。,NO,H,full_rebuild_detailed_requirement_review_domain_h_decisions_v0_1.csv
RVIEW-155,PAIR,H,G,REQ-PORTABILITY-003,REQ-SAVE-STATUS-001,データ削除前に、 必要に応じて持ち出し用バックアップを 作成できること。,現在の学習結果が保存済みかどうかを、 利用者が必要に応じて確認できること。,初期リリース必須,初期リリース必須,FUNC,FUNC,CONTRADICTION,,requirements_contradiction_candidates_v0_1.txt block=28 similarity=0.164,REVIEWED,KEEP_SEPARATE,データ削除前に持ち出し用バックアップを作成する機能と、現在の学習結果が保存済みか確認する機能であり、利用時点と目的が異なる。,NO,H,full_rebuild_detailed_requirement_review_domain_h_decisions_v0_1.csv
RVIEW-156,PAIR,H,H,REQ-REFERENCE-001,REQ-REFERENCE-002,問題集が参照する問題は、 登録済みかつ参照可能な問題であること。,問題が参照する学習分類、出典、表示アセットなどは、 登録済みの参照先であること。,初期リリース必須,初期リリース必須,RULE,RULE,SIMILARITY_SAME_PREFIX,,requirements_similarity_candidates_v0_1.txt block=36 similarity=0.289 prefix=REFERENCE,REVIEWED,KEEP_SEPARATE,問題集から問題への参照整合性と、問題から学習分類・出典・表示アセットへの参照整合性では、参照元と参照先の種類が異なる。,NO,H,full_rebuild_detailed_requirement_review_domain_h_decisions_v0_1.csv
RVIEW-157,PAIR,H,G,REQ-RESTORE-003,REQ-SAVE-STATUS-002,復元を実行する前に、 追加、更新、置換、削除されるデータの概要を 利用者へ表示すること。,保存失敗または未送信のデータがある場合、 利用者または管理者へ分かる形で表示すること。,初期リリース必須,初期リリース必須,FUNC,FUNC,CONTRADICTION,,requirements_contradiction_candidates_v0_1.txt block=29 similarity=0.161,REVIEWED,KEEP_SEPARATE,復元実行前に変更されるデータの影響概要を表示する機能と、保存失敗・未送信データの存在を表示する機能であり、表示対象とタイミングが異なる。,NO,H,full_rebuild_detailed_requirement_review_domain_h_decisions_v0_1.csv
RVIEW-158,SINGLE,H,,REQ-BACKUP-002,,バックアップ対象として、 少なくとも次を含められること。 - 教材 - 問題 - 学習内容カタログ - 習得対象 - 目的別問題集 - 学習セッション - 回答イベント - 周回状態 - 定着状態 - 利用者設定 - 表示アセットの管理情報,,初期リリース必須,,DATA,,GRANULARITY,,requirements_granularity_candidates_v0_1.txt block=3 score=23.97 length=97 bullets=11 numbered=0 connectors=1,REVIEWED,KEEP_SEPARATE,列挙はバックアップに含められる管理対象データの種類であり、1つのバックアップ対象範囲要件として一体で扱う。,NO,H,full_rebuild_detailed_requirement_review_domain_h_decisions_v0_1.csv
RVIEW-159,SINGLE,H,,REQ-BACKUP-006,,バックアップへ、 少なくとも次の管理情報を含めること。 - バックアップ形式のバージョン - 作成日時 - 作成元システムの版 - 対象範囲 - データ件数 - 利用者または学習者の識別情報 - 完全バックアップか選択バックアップか,,初期リリース必須,,DATA,,GRANULARITY,,requirements_granularity_candidates_v0_1.txt block=20 score=17.01 length=101 bullets=7 numbered=0 connectors=2,REVIEWED,KEEP_SEPARATE,列挙はバックアップの識別・互換性・復元判断に必要な管理メタデータであり、一体のバックアップ形式要件である。,NO,H,full_rebuild_detailed_requirement_review_domain_h_decisions_v0_1.csv
RVIEW-160,SINGLE,H,,REQ-EXPORT-002,,回答イベントのエクスポートには、 少なくとも次を含めること。 - セッション識別情報 - 実行対象 - 学習モード - 問題 - 判定結果 - 判定日時 - 回答表示方法 - 制限時間 - 実所要時間 - 途中終了の有無 - 周回情報,,初期リリース後,,DATA,,GRANULARITY,,requirements_granularity_candidates_v0_1.txt block=4 score=23.94 length=94 bullets=11 numbered=0 connectors=1,REVIEWED,KEEP_SEPARATE,列挙は回答イベントの分析用エクスポートを構成する実行文脈・判定・時間情報であり、単一の出力データ要件として維持する。,NO,H,full_rebuild_detailed_requirement_review_domain_h_decisions_v0_1.csv
RVIEW-161,SINGLE,H,,REQ-INTEGRITY-002,,少なくとも次の不整合を検出できること。 - 存在しない問題への参照 - 存在しない教材への参照 - 存在しない目的別問題集への参照 - 存在しないカタログ項目への参照 - 存在しない習得対象への参照 - 存在しないアセットへの参照 - 重複した一意ID - 必須項目の欠落 - 無効な状態値 - 許可されていない公開状態,,初期リリース必須,,FUNC,,GRANULARITY,,requirements_granularity_candidates_v0_1.txt block=7 score=22.40 length=140 bullets=10 numbered=0 connectors=1,REVIEWED,KEEP_SEPARATE,列挙は参照整合性、一意性、必須項目、状態値などを横断して確認する不整合種別であり、共通の整合性検査機能として扱う。,NO,H,full_rebuild_detailed_requirement_review_domain_h_decisions_v0_1.csv
RVIEW-162,SINGLE,H,,REQ-PERSISTENCE-002,,保存処理について、 少なくとも次の状態を区別できること。 - 保存済み - 保存処理中 - 同期待ちまたは送信待ち - 保存失敗 具体的な状態名は技術設計時に確定する。,,初期リリース必須,,DATA,,GRANULARITY,,requirements_granularity_candidates_v0_1.txt block=63 score=10.74 length=74 bullets=4 numbered=0 connectors=2,REVIEWED,KEEP_SEPARATE,列挙は保存処理のライフサイクルを表す相互排他的または遷移可能な状態であり、1つの保存状態モデルとして保持する。,NO,H,full_rebuild_detailed_requirement_review_domain_h_decisions_v0_1.csv
RVIEW-163,SINGLE,H,,REQ-RESTORE-002,,復元前に、 少なくとも次を検証すること。 - バックアップ形式の対応可否 - 必須データの有無 - データ破損の有無 - 参照整合性 - 権利状態 - 対象利用者 - 復元による影響範囲,,初期リリース必須,,FUNC,,GRANULARITY,,requirements_granularity_candidates_v0_1.txt block=28 score=15.78 length=78 bullets=7 numbered=0 connectors=1,REVIEWED,KEEP_SEPARATE,列挙は復元を安全に開始できるか判断するための事前検証項目であり、復元前検証の完了条件として一体で扱う。,NO,H,full_rebuild_detailed_requirement_review_domain_h_decisions_v0_1.csv
RVIEW-164,SINGLE,H,,REQ-VALIDATION-001,,教材登録時に、少なくとも次を機械的に検証すること。 - 必須項目の欠落 - IDの重複 - 存在しない参照先 - 問題数などの集計値との不一致 - 許可されていない状態のデータ参照,,初期リリース必須,,FUNC,,GRANULARITY,,requirements_granularity_candidates_v0_1.txt block=58 score=11.80 length=80 bullets=5 numbered=0 connectors=1,REVIEWED,KEEP_SEPARATE,列挙は教材登録時に実行する機械検証項目であり、1つの登録検証機能の受入条件としてまとめて保持する。,NO,H,full_rebuild_detailed_requirement_review_domain_h_decisions_v0_1.csv
