requirement_id,section_number,section_title,release,primary_domain,summary,primary_type,secondary_types,automatic_primary_type,primary_type_changed,classification_reason
REQ-SCOPE-001,2,利用目的・対象範囲,初期リリース必須,A,Junior Study Trainer は、 中学生の反復学習を支援するWebアプリとして提供する。,SCOPE,,SCOPE,no,中学生の反復学習を支援するWebアプリという製品対象を定義する
REQ-SCOPE-002,2,利用目的・対象範囲,初期リリース必須,A,利用者が書くことの難しい場面でも学習できること。 想定場面: - 移動中 - 車内 - スピンバイクなどの運動中 - 短時間の家庭学習,SCOPE,QUAL,SCOPE,no,移動中・運動中・短時間学習など書くことが難しい利用場面を対象とする
REQ-SCOPE-003,2,利用目的・対象範囲,初期リリース必須,A,机に向かう学習にも利用できること。 想定用途: - 書き取り - 記述 - 復習 - 印刷教材を使った学習,SCOPE,FUNC,SCOPE,no,書き取り・記述・印刷教材など机上学習も対象に含める
REQ-SCOPE-004,2,利用目的・対象範囲,初期リリース必須,A,学校教科と外部検定を、 同一のアプリ基盤で管理・学習できること。 初期対象候補: - 国語 - 数学 - 理科 - 社会 - 英語 - 漢検 - 英検 - 数検 すべての教材を初期リリース時に登録することまでは必須としない。,FUNC,"SCOPE,DATA",SCOPE,yes,学校教科と外部検定を同一アプリ基盤で管理・学習する機能
REQ-SCOPE-005,2,利用目的・対象範囲,初期リリース必須,A,学校教科や検定の既存教材を再利用し、 目的に応じた学習を提供できること。 初期対象: - 苦手克服 - 定期テスト対策,SCOPE,FUNC,SCOPE,no,既存教材を再利用した苦手克服・定期テスト対策を初期用途とする
REQ-SCOPE-006,2,利用目的・対象範囲,初期リリース必須,A,アプリ本体を特定教科、特定検定、特定教材専用にしないこと。 教材ごとの差異は、 教材・問題・分類・問題形式などのデータで表現する。,QUAL,"RULE,DATA,SCOPE",SCOPE,yes,アプリ本体を特定教科・検定・教材専用にせず差異をデータで表現する汎用性要件
REQ-SCOPE-007,2,利用目的・対象範囲,初期リリース後,A,学校教科や検定に直接分類しにくい拡張教材を扱えること。 対象例: - 親子学習 - スポーツ・生活習慣関連,SCOPE,DATA,SCOPE,no,親子学習・スポーツ・生活習慣など教科・検定外の拡張教材を対象に含める
REQ-CONTENT-001,3,学習内容モデル,初期リリース必須,A,問題を、採点と進捗記録が可能な再利用単位として管理すること。,DATA,RULE,DATA,no,問題を採点・進捗記録可能な再利用単位として保持するデータ要件
REQ-CONTENT-002,3,学習内容モデル,初期リリース必須,A,同一の問題を複数の学習用途から利用できること。 利用例: - 単元別学習 - 定期テスト対策 - 弱点復習 - 検定対策 問題集へ問題を複製する方式を前提としない。,RULE,"DATA,FUNC",DATA,yes,同一問題を複製せず複数の学習用途から再利用可能にする構造原則
REQ-CONTENT-003,3,学習内容モデル,初期リリース必須,A,次の概念を分離して管理すること。 - 学習内容の分類 - 問題 - 問題集 - 問題の出典 - 教科書ページなどの範囲情報 - 学習履歴・進捗,RULE,DATA,DATA,yes,分類・問題・問題集・出典・範囲・履歴を別概念として管理する原則
REQ-CONTENT-004,3,学習内容モデル,初期リリース必須,A,学習分類は問題が扱う内容を表し、 問題集は利用目的に応じた問題の集合を表すこと。,RULE,DATA,DATA,yes,学習分類と問題集の役割を明確に区別する概念規則
REQ-CONTENT-005,3,学習内容モデル,初期リリース必須,A,出典教材の章・節・項などの構造と、 学習者向けの意味的な学習構造を分離すること。,RULE,DATA,DATA,yes,出典教材構造と学習者向け意味構造を分離する分類原則
REQ-CONTENT-006,3,学習内容モデル,初期リリース必須,A,学習者向け画面では、 教材内部の章番号や管理コードよりも、 学習内容が理解できる名称を表示すること。,FUNC,"RULE,DATA",DATA,yes,子ども用画面に管理コードではなく理解可能な学習内容名を表示する機能
REQ-CONTENT-007,3,学習内容モデル,初期リリース必須,A,学校教科と検定で異なる分類構造を扱えること。 学習分類の階層数や表示名を、 学習対象ごとに変更できるものとする。,DATA,RULE,DATA,no,学習対象ごとに異なる階層数・表示名を持つ分類構造を表現するデータ要件
REQ-CONTENT-008,3,学習内容モデル,初期リリース必須,A,学習テーマを、 単独で学習・復習できる意味的なまとまりとして管理すること。,DATA,RULE,DATA,no,学習テーマを単独学習・復習可能な意味的単位として保持する
REQ-CONTENT-009,3,学習内容モデル,初期リリース後,A,1つの問題へ主となる学習テーマに加え、 副テーマまたは関連タグを設定できること。,DATA,,DATA,no,問題に主テーマ・副テーマ・関連タグを設定するデータ要件
REQ-CONTENT-010,3,学習内容モデル,初期リリース必須,A,問題、学習テーマ、教材、問題集などの内部識別子を、 利用者向け表示名から分離すること。 内部識別子は原則として子ども用画面に表示しない。,RULE,"DATA,FUNC",DATA,yes,内部識別子と表示名を分離し、子ども用画面へ原則表示しない規則
REQ-SOURCE-001,4,学校教科の範囲・出典管理,初期リリース必須,C,学校教科の問題について、 対応する教科書ページまたは教科書範囲を管理できること。,DATA,,RULE,yes,問題と教科書ページ・範囲の対応情報を保持する
REQ-SOURCE-002,4,学校教科の範囲・出典管理,初期リリース必須,C,教科書ページなどの範囲情報と、 問題作成・内容確認に使用した資料を分離して管理すること。,RULE,DATA,RULE,no,出題範囲情報と作成根拠資料を別概念として管理する原則
REQ-SOURCE-003,4,学校教科の範囲・出典管理,初期リリース必須,C,1つの問題に複数の出典資料を関連付けられること。 対象例: - 教科書 - 学校ワーク - 配布プリント - 自主学習教材 - 過去問,DATA,RULE,RULE,yes,一つの問題に複数出典を対応付けられる情報構造
REQ-SOURCE-004,4,学校教科の範囲・出典管理,初期リリース必須,C,応用問題・発展問題についても、 前提となる教科書範囲と学習テーマを関連付けること。,RULE,DATA,RULE,no,応用・発展問題にも前提範囲と学習テーマを関連付ける教材管理原則
REQ-SOURCE-005,4,学校教科の範囲・出典管理,初期リリース必須,C,問題について、 作成区分を管理できること。 初期候補: - 教科書基本 - 教材補完 - 統合 - 応用 - 発展,DATA,,RULE,yes,問題の作成区分を保持するデータ要件
REQ-SOURCE-006,4,学校教科の範囲・出典管理,初期リリース必須,C,教科書ページと学習テーマの両方から、 教材の網羅性を確認できること。,FUNC,DATA,RULE,yes,教科書ページと学習テーマの両面から網羅性を確認する機能
REQ-SOURCE-007,4,学校教科の範囲・出典管理,初期リリース後,C,複数教材を照合し、 不足している知識・技能・問題形式を確認できること。,FUNC,"OPS,DATA",RULE,yes,複数教材を照合して不足する学習要素を確認する機能
REQ-SOURCE-008,4,学校教科の範囲・出典管理,初期リリース必須,C,問題案について、 作成後にレビューし、採用・修正・不採用を管理できること。,OPS,"DATA,FUNC",RULE,yes,問題案をレビューし採否・修正状態を管理する教材作成運用
REQ-COLLECTION-001,5,問題集,初期リリース必須,D,問題集を、既存問題を参照する集合として管理すること。,RULE,,RULE,no,個別監査対象および追加監査条件に該当しないため、自動主候補を採用
REQ-COLLECTION-002,5,問題集,初期リリース必須,D,問題集は、 明示的に選択した問題によって構成できること。,RULE,,RULE,no,個別監査対象および追加監査条件に該当しないため、自動主候補を採用
REQ-COLLECTION-003,5,問題集,初期リリース後,D,問題集を、 学習テーマ、出典範囲、難易度、問題形式などの抽出条件から構成できること。,RULE,,RULE,no,個別監査対象および追加監査条件に該当しないため、自動主候補を採用
REQ-COLLECTION-004,5,問題集,初期リリース後,D,教科書ページを基準とした問題集へ、 教材補完・応用・発展問題も含められること。,RULE,,RULE,no,個別監査対象および追加監査条件に該当しないため、自動主候補を採用
REQ-MEDIA-001,6,表示用資料・メディア,初期リリース必須,B,問題作成の根拠となる出典資料と、 学習者へ表示する資料を分離して管理すること。,RULE,DATA,FUNC,yes,問題作成の根拠資料と学習者向け表示資料を分離して管理する原則
REQ-MEDIA-002,6,表示用資料・メディア,初期リリース必須,B,表示用資料を、 次の表示段階ごとに分けて管理できること。 - 問題表示時 - 解答表示時 - 解説表示時,DATA,RULE,FUNC,yes,表示資料を問題・解答・解説の表示段階別に保持するデータ要件
REQ-MEDIA-004,6,表示用資料・メディア,初期リリース必須,B,画像を問題、解答、解説で表示できること。,FUNC,DATA,FUNC,no,画像を問題・解答・解説の各表示段階で表示する機能
REQ-MEDIA-005,6,表示用資料・メディア,初期リリース必須,B,表示資料ごとに表示順を指定できること。,DATA,FUNC,FUNC,yes,表示資料ごとの表示順を設定・保持するデータ要件
REQ-MEDIA-006,6,表示用資料・メディア,初期リリース必須,B,画像には代替テキストを設定すること。,DATA,"QUAL,RULE",FUNC,yes,画像へ代替テキストを設定するアクセシビリティ情報のデータ要件
REQ-MEDIA-007,6,表示用資料・メディア,初期リリース必須,B,表示資料へ必要に応じて説明文またはキャプションを設定できること。,DATA,FUNC,FUNC,yes,表示資料へ説明文・キャプションを設定するデータ要件
REQ-MEDIA-008,6,表示用資料・メディア,初期リリース必須,B,スマートフォン画面で画像が表示領域からはみ出さないこと。,QUAL,FUNC,FUNC,yes,スマートフォンで画像を表示領域からはみ出させないレスポンシブ表示品質要件
REQ-MEDIA-009,6,表示用資料・メディア,初期リリース後,B,画像の細部を確認するための拡大表示を提供すること。,FUNC,QUAL,FUNC,no,画像細部を確認するための拡大表示機能
REQ-MEDIA-010,6,表示用資料・メディア,初期リリース必須,B,構造化された表およびグラフを表示資料として扱えること。,FUNC,DATA,FUNC,no,構造化された表・グラフを表示資料として扱う機能
REQ-MEDIA-011,6,表示用資料・メディア,初期リリース必須,B,長文および会話文を、 問題と関連する表示資料として扱えること。,FUNC,DATA,FUNC,no,長文・会話文を問題に関連する表示資料として扱う機能
REQ-MEDIA-012,6,表示用資料・メディア,初期リリース必須,B,音声を表示・再生資料として扱えること。,FUNC,DATA,FUNC,no,音声を表示・再生資料として扱う機能
REQ-MEDIA-013,6,表示用資料・メディア,将来候補,B,動画を表示資料として扱えること。,FUNC,"DATA,SCOPE",FUNC,no,動画を表示資料として扱う将来候補の機能
REQ-MEDIA-014,6,表示用資料・メディア,初期リリース必須,B,表示する画像は、 自作、利用許諾済み、または利用条件上問題のないものに限定すること。,RULE,"DATA,OPS,QUAL",FUNC,yes,表示画像を自作・許諾済み・利用条件上問題ない素材へ限定する権利保護規則
REQ-PROGRESS-001,7,学習履歴・進捗,初期リリース必須,F,問題ごとの進捗を永続的に保存すること。,DATA,QUAL,FUNC,yes,問題ごとの進捗を永続的に保持するデータ要件
REQ-PROGRESS-002,7,学習履歴・進捗,初期リリース必須,F,同じ問題を複数の問題集で利用した場合も、 問題ごとの進捗を共有すること。,RULE,DATA,FUNC,yes,同一問題を複数問題集で利用しても問題単位の進捗を共有する規則
REQ-PROGRESS-003,7,学習履歴・進捗,初期リリース必須,F,学習テーマや出題分野の進捗を、 問題ごとの進捗から集計すること。,FUNC,"DATA,RULE",FUNC,no,問題別進捗から学習テーマ・分野別進捗を集計する機能
REQ-PROGRESS-004,7,学習履歴・進捗,初期リリース必須,F,教材、学習テーマ、出題分野、問題集など、 複数の単位で進捗を集計・表示できること。,FUNC,DATA,FUNC,no,教材・テーマ・分野・問題集など複数単位で進捗を集計・表示する機能
REQ-AUTHORING-001,8,教材作成・検証,初期リリース必須,C,学校教科の教材作成では、 教科書の基本事項から問題を作成できること。,OPS,FUNC,OPS,no,教科書の基本事項から問題を作成する教材作成運用
REQ-AUTHORING-002,8,教材作成・検証,初期リリース必須,C,ワーク、プリントなどの内容を、 対応する教科書範囲へ関連付けられること。,DATA,"OPS,RULE",OPS,yes,ワーク・プリント内容を対応する教科書範囲へ関連付けるデータ要件
REQ-AUTHORING-003,8,教材作成・検証,初期リリース後,C,既存問題と新規資料を照合し、 不足している観点を確認できること。,FUNC,"OPS,DATA",OPS,yes,既存問題と新規資料を照合し不足観点を確認する機能
REQ-AUTHORING-004,8,教材作成・検証,初期リリース必須,C,問題作成後に、 内容、出典、分類、正解、解説を検証できること。,OPS,"FUNC,RULE",OPS,no,問題作成後に内容・出典・分類・正解・解説を確認する教材品質管理運用
REQ-AUTHORING-005,8,教材作成・検証,初期リリース必須,C,教材登録前に、 必須項目、参照先、識別子の重複などを機械的に検証できること。,FUNC,"OPS,DATA",OPS,yes,登録前に必須項目・参照・ID重複を機械検証する機能
REQ-NFR-001,9,非機能要求,初期リリース必須,H,スマートフォンを主要利用端末として、 学習画面を操作できること。,QUAL,"FUNC,SCOPE",QUAL,no,主要利用端末であるスマートフォンで学習画面を操作可能にする適合性要件
REQ-NFR-002,9,非機能要求,初期リリース必須,H,問題データや教材追加によって、 アプリ本体を教材ごとに変更する必要がないこと。,QUAL,RULE,QUAL,no,教材・問題追加のたびにアプリ本体を変更しなくてよい拡張性要件
REQ-NFR-003,9,非機能要求,初期リリース必須,H,教材・問題・学習分類・出典・進捗の各責務を分離し、 特定教材への依存を避けること。,QUAL,"RULE,DATA",QUAL,no,教材・問題・分類・出典・進捗の責務を分離し特定教材への依存を避ける保守性要件
REQ-NFR-004,9,非機能要求,初期リリース必須,H,著作権上公開できない原本資料を、 公開アセットや公開リポジトリへ保存しないこと。,RULE,"OPS,QUAL",QUAL,yes,著作権上公開不能な原本を公開アセットや公開リポジトリへ保存しない権利保護規則
REQ-NFR-005,9,非機能要求,初期リリース必須,H,利用者向け表示名と内部識別情報を分離し、 内部識別子の文字列構造に画面や業務ロジックを依存させないこと。,QUAL,"RULE,DATA",QUAL,no,表示名と内部識別情報を分離し、ID文字列構造へ画面・業務処理を依存させない保守性要件
REQ-QUESTION-001,12,問題本体・共通メタデータ,初期リリース必須,B,問題について、少なくとも次を分離して管理できること。 - 問題文 - 解答 - 解説 - 選択肢 - 採点方針 - 状態 - 分類・出典などのメタデータ,DATA,,DATA,no,個別監査対象および追加監査条件に該当しないため、自動主候補を採用
REQ-QUESTION-002,12,問題本体・共通メタデータ,初期リリース必須,B,問題ごとに、学習者向けの短い表示名を設定できること。,DATA,,DATA,no,個別監査対象および追加監査条件に該当しないため、自動主候補を採用
REQ-QUESTION-003,12,問題本体・共通メタデータ,初期リリース必須,B,問題が学校教科、検定、または両方に関連することを表現できること。,DATA,,DATA,no,個別監査対象および追加監査条件に該当しないため、自動主候補を採用
REQ-QUESTION-004,12,問題本体・共通メタデータ,初期リリース必須,B,学校教科の問題について、次の属性を管理できること。 - 教科 - 学年・学習段階 - 単元・学習テーマ - 教科書範囲 - 定期テスト範囲との関係,DATA,,DATA,no,個別監査対象および追加監査条件に該当しないため、自動主候補を採用
REQ-QUESTION-005,12,問題本体・共通メタデータ,初期リリース必須,B,検定問題について、次の属性を管理できること。 - 検定種別 - 級 - 試験区分 - 公式出題範囲 - 出題形式,DATA,,DATA,no,個別監査対象および追加監査条件に該当しないため、自動主候補を採用
REQ-QUESTION-006,12,問題本体・共通メタデータ,初期リリース後,B,検定問題について、受験予定日や目標期間を関連付けられること。,DATA,,DATA,no,個別監査対象および追加監査条件に該当しないため、自動主候補を採用
REQ-TAG-001,13,分類・タグ・難易度,初期リリース必須,B,問題へ、内容領域を示す分類を複数設定できること。,DATA,,DATA,no,問題へ複数の内容領域分類を関連付けるデータ要件
REQ-TAG-002,13,分類・タグ・難易度,初期リリース必須,B,問題へ、問題形式を示す分類を設定できること。 対象例: - 一問一答 - 計算 - 選択 - 穴埋め - 書き取り - 文章題 - 長文読解 - 英作文 - リスニング - 作図 - 表・グラフ・地図・年表,DATA,,DATA,no,問題へ計算・選択・記述・音声・図表などの問題形式分類を設定する
REQ-TAG-003,13,分類・タグ・難易度,初期リリース必須,B,問題へ、必要な知識項目を複数関連付けられること。,DATA,,DATA,no,問題へ複数の必要知識項目を関連付けるデータ要件
REQ-TAG-004,13,分類・タグ・難易度,初期リリース必須,B,問題へ、解答に必要な技能を複数関連付けられること。 技能例: - 読む - 書く - 計算する - 聞き取る - 話す - 説明する - 比較する - 図表を読む - 条件を整理する,DATA,,DATA,no,問題へ読む・書く・計算・説明などの必要技能を複数関連付ける
REQ-TAG-005,13,分類・タグ・難易度,初期リリース後,B,問題へ、定期テスト、検定対策、弱点補強、復習などの利用目的を示す属性を設定できること。 目的別問題集への所属そのものとは分離する。,DATA,RULE,DATA,no,利用目的属性を問題へ保持しつつ、目的別問題集への所属とは分離する
REQ-TAG-006,13,分類・タグ・難易度,初期リリース必須,B,問題へ難易度を設定できること。 初期表示候補: - 基本 - 標準 - 応用 - 本番相当 難易度の厳密な算出方式は別途決定する。,DATA,SCOPE,DATA,no,基本・標準・応用・本番相当などの難易度属性を問題へ保持する
REQ-ANSWER-001,14,解答・採点,初期リリース必須,B,問題形式に応じて、次の解答方式を扱えること。 - 正確一致 - 複数の許容解答 - 数値解答 - 自由記述 - 学習者または保護者による自己判定 - 評価基準に基づく採点,FUNC,"DATA,RULE",DATA,yes,問題形式に応じて自動判定・許容解答・数値・自由記述・自己判定・基準採点を扱う機能
REQ-ANSWER-002,14,解答・採点,初期リリース必須,B,問題ごとに複数の許容解答を設定できること。,DATA,RULE,DATA,no,問題ごとに複数の許容解答を設定・保持するデータ要件
REQ-ANSWER-003,14,解答・採点,初期リリース必須,B,必要に応じて、次の採点条件を設定できること。 - 大文字・小文字の区別 - かな・漢字の許容 - 単位の必須性 - 手動採点の要否,DATA,RULE,DATA,no,大文字小文字・文字種・単位・手動採点要否などを採点条件として保持する
REQ-ANSWER-004,14,解答・採点,初期リリース必須,B,記述式・作文・説明問題など、 自動的な正誤判定が適さない問題を手動判定できること。,FUNC,"RULE,DATA",DATA,yes,自動判定に適さない記述・作文・説明問題を手動で判定する機能
REQ-ANSWER-005,14,解答・採点,初期リリース必須,B,記述式・作文・スピーキングなどに、 複数観点の評価基準を設定できること。,DATA,RULE,DATA,no,記述・作文・スピーキングに対する複数観点の評価基準を保持する
REQ-TIMER-001,15,タイマー・学習条件,初期リリース必須,D,問題ごとに、推奨回答時間を設定できること。,RULE,,RULE,no,個別監査対象および追加監査条件に該当しないため、自動主候補を採用
REQ-TIMER-002,15,タイマー・学習条件,初期リリース必須,D,問題ごとの推奨時間よりも、 問題集または学習セッションの設定を優先できること。,RULE,,RULE,no,個別監査対象および追加監査条件に該当しないため、自動主候補を採用
REQ-TIMER-003,15,タイマー・学習条件,初期リリース必須,D,次のようなタイマー利用形態を扱えること。 - 通常 - 短時間 - タイマーなし - 本番形式 具体的な内部値や秒数の候補は技術・UI設計時に決定する。,RULE,,RULE,no,個別監査対象および追加監査条件に該当しないため、自動主候補を採用
REQ-AUDIO-001,16,音声・スピーキング,初期リリース必須,B,音声について、次の種別を扱えること。 - 単語 - 文 - 会話 - 長文 - 指示音声,RULE,,RULE,no,個別監査対象および追加監査条件に該当しないため、自動主候補を採用
REQ-AUDIO-002,16,音声・スピーキング,初期リリース必須,B,音声へ文字起こしを関連付けられること。,RULE,,RULE,no,個別監査対象および追加監査条件に該当しないため、自動主候補を採用
REQ-AUDIO-003,16,音声・スピーキング,初期リリース必須,B,音声の再生方法として、少なくとも通常再生と繰り返し再生を扱えること。,RULE,,RULE,no,個別監査対象および追加監査条件に該当しないため、自動主候補を採用
REQ-AUDIO-004,16,音声・スピーキング,初期リリース後,B,シャドーイングなど、学習目的別の音声再生方式を提供できること。,RULE,,RULE,no,個別監査対象および追加監査条件に該当しないため、自動主候補を採用
REQ-SPEAKING-001,16,音声・スピーキング,初期リリース後,B,次のスピーキング練習形式を扱えること。 - 音読 - 質問応答 - スピーチ - 面接,RULE,,RULE,no,個別監査対象および追加監査条件に該当しないため、自動主候補を採用
REQ-SPEAKING-002,16,音声・スピーキング,初期リリース後,B,スピーキング問題へ、模範文または参考文を設定できること。,RULE,,RULE,no,個別監査対象および追加監査条件に該当しないため、自動主候補を採用
REQ-SPEAKING-003,16,音声・スピーキング,将来候補,B,発音、流暢さ、正確さ、内容、文法、語彙などを、 音声認識やAIによって評価し、学習者へフィードバックできること。,RULE,,RULE,no,個別監査対象および追加監査条件に該当しないため、自動主候補を採用
REQ-STATUS-001,17,データ状態・修正・廃止,初期リリース必須,C,教材、問題、問題集などについて、 少なくとも次の状態を区別できること。 - 作成中 - 利用可能 - 利用停止 - 置き換え済み 状態名や詳細な状態遷移はデータモデル設計時に確定する。,DATA,RULE,DATA,no,教材・問題・問題集の作成中・利用可能・停止・置換済みなどの状態を保持する
REQ-STATUS-002,17,データ状態・修正・廃止,初期リリース必須,H,学習履歴や他データから参照される公開済み問題を、 安易に物理削除しないこと。,RULE,"DATA,QUAL",DATA,yes,履歴や他データから参照される公開済み問題を安易に物理削除しない保全規則
REQ-STATUS-003,17,データ状態・修正・廃止,初期リリース必須,C,軽微な誤字修正と、 問題の意味が変わる修正を区別できること。,DATA,RULE,DATA,no,軽微な誤字修正と意味変更を伴う修正を異なる修正種別として管理する
REQ-STATUS-004,17,データ状態・修正・廃止,初期リリース必須,C,問題の意味や正解が変わる修正について、 変更理由と変更履歴を残すこと。,DATA,"OPS,RULE",DATA,no,意味・正解が変わる修正について変更理由と履歴を保持するデータ要件
REQ-STATUS-005,17,データ状態・修正・廃止,初期リリース必須,C,別問題とみなすべき修正では新しい問題として登録し、 旧問題を利用停止または置き換え済みとして保持できること。,RULE,"DATA,OPS",DATA,yes,別問題相当の変更では新規問題を作成し、旧問題を停止・置換済みとして保持する規則
REQ-ID-001,18,ID・コード・表示名,初期リリース必須,H,IDはデータを一意に識別する内部キーとし、 分類、表示順、学習内容などの意味を判断するために使用しないこと。,RULE,DATA,DATA,yes,IDを識別専用とし分類・順序・意味の判断材料にしない設計原則
REQ-ID-002,18,ID・コード・表示名,初期リリース必須,H,コードは分類・順序・学習内容を管理する記号とし、 内部IDとは分離すること。,RULE,DATA,DATA,yes,意味を持つコードと内部IDを別概念として扱う設計原則
REQ-ID-003,18,ID・コード・表示名,初期リリース必須,H,表示名は利用者向け名称とし、 参照キーとして使用しないこと。,RULE,DATA,DATA,yes,利用者向け表示名を参照キーとして使用しない規則
REQ-ID-004,18,ID・コード・表示名,初期リリース必須,H,問題、教材、問題集、学習分類、出典資料など、 主要な管理対象を一意に識別できること。,DATA,QUAL,DATA,no,主要管理対象へ一意な識別子を持たせるデータ要件
REQ-ID-005,18,ID・コード・表示名,初期リリース必須,H,公開後に他データから参照される内部IDは、 原則として変更しないこと。,RULE,"DATA,QUAL",DATA,yes,公開後に参照される内部IDを原則変更しない安定参照規則
REQ-ID-006,18,ID・コード・表示名,初期リリース必須,H,画面や業務ロジックが、 IDの接頭辞、桁位置、文字列の一部などに依存しないこと。,RULE,QUAL,DATA,yes,画面・業務ロジックをID文字列構造へ依存させない設計原則
REQ-ID-007,18,ID・コード・表示名,初期リリース必須,H,表示順はID文字列から推測せず、 明示的な順序情報によって管理すること。,RULE,DATA,DATA,yes,表示順をIDから推測せず明示的な順序情報で管理する規則
REQ-ID-008,18,ID・コード・表示名,初期リリース必須,H,完成版のID形式、使用可能文字、採番方式は、 DBモデルとAPI設計時に確定すること。 既存試作の命名規則をそのまま必須要件とはしない。,SCOPE,"RULE,DATA",DATA,yes,具体的なID形式・採番方式を後続設計で決定し、旧試作規則を必須としない設計範囲
REQ-SCHEMA-001,19,必須項目・一意性・参照整合性,初期リリース必須,H,主要データについて、 必須項目と任意項目を明示的に定義すること。,DATA,RULE,DATA,no,主要データの必須項目と任意項目を明示するデータ定義
REQ-UNIQUENESS-001,19,必須項目・一意性・参照整合性,初期リリース必須,H,問題、教材、問題集、学習分類などの内部IDに、 適切な一意制約を設定すること。,DATA,QUAL,DATA,no,主要データの内部IDへ一意制約を設定するデータ要件
REQ-REFERENCE-001,19,必須項目・一意性・参照整合性,初期リリース必須,H,問題集が参照する問題は、 登録済みかつ参照可能な問題であること。,RULE,DATA,DATA,yes,問題集が登録済みかつ参照可能な問題だけを参照する整合性規則
REQ-REFERENCE-002,19,必須項目・一意性・参照整合性,初期リリース必須,H,問題が参照する学習分類、出典、表示アセットなどは、 登録済みの参照先であること。,RULE,DATA,DATA,yes,問題の分類・出典・アセット参照先が登録済みであることを求める規則
REQ-REFERENCE-003,19,必須項目・一意性・参照整合性,初期リリース必須,H,階層構造を持つ学習分類では、 親子関係の整合性を検証すること。,FUNC,"DATA,QUAL",DATA,yes,階層分類の親子関係の整合性を検証する機能
REQ-REFERENCE-004,19,必須項目・一意性・参照整合性,初期リリース必須,H,利用停止または置き換え済みの問題を問題集へ含める場合、 管理者が意図的に判断できること。,FUNC,"OPS,RULE",DATA,yes,利用停止・置換済み問題を含める際に管理者が明示判断できる機能
REQ-VALIDATION-001,19,必須項目・一意性・参照整合性,初期リリース必須,H,教材登録時に、少なくとも次を機械的に検証すること。 - 必須項目の欠落 - IDの重複 - 存在しない参照先 - 問題数などの集計値との不一致 - 許可されていない状態のデータ参照,FUNC,"DATA,QUAL",DATA,yes,教材登録時に必須項目・ID・参照・集計値・状態値を機械検証する機能
REQ-VALIDATION-002,19,必須項目・一意性・参照整合性,初期リリース必須,H,データの妥当性検証を、 手動確認だけに依存せず、自動実行できること。,FUNC,"OPS,QUAL",DATA,yes,手動確認だけに依存せずデータ妥当性検証を自動実行する機能
REQ-VALIDATION-003,19,必須項目・一意性・参照整合性,初期リリース必須,H,データ検証を開発環境および継続的な検証工程で実行できること。 具体的なCI製品や実行方式は技術選定後に決定する。,OPS,"FUNC,QUAL",DATA,yes,開発環境と継続的検証工程でデータ検証を実行する運用要件
REQ-PURPOSE-001,21,目的別問題集,初期リリース必須,D,教材そのものとは別に、 学習目的に応じて既存問題を束ねた目的別問題集を管理できること。,DATA,RULE,RULE,yes,教材とは独立した目的別問題集とその問題集合を保持する
REQ-PURPOSE-002,21,目的別問題集,初期リリース必須,D,1つの問題を、 複数の目的別問題集から再利用できること。,RULE,DATA,RULE,no,同一問題を複数の目的別問題集で再利用可能とする構造原則
REQ-PURPOSE-003,21,目的別問題集,初期リリース必須,D,目的別問題集について、 少なくとも次の用途を扱えること。 - 定期テスト対策 - 検定対策 - 弱点補強 - 復習 - 本番形式演習 - 印刷用演習 - 移動中・運動中の短時間演習,SCOPE,FUNC,RULE,yes,目的別問題集で対応する学習用途の対象範囲を定義する
REQ-PURPOSE-004,21,目的別問題集,初期リリース後,D,先取り学習用の目的別問題集を扱えること。,SCOPE,FUNC,RULE,yes,初期リリース後に対応する先取り学習用途の範囲を定義する
REQ-PURPOSE-005,21,目的別問題集,初期リリース必須,D,目的別問題集を、 管理者が明示的に選択した問題の集合として作成できること。,FUNC,"OPS,DATA",RULE,yes,管理者が問題を明示選択して目的別問題集を作成する機能
REQ-PURPOSE-006,21,目的別問題集,初期リリース後,D,目的別問題集を、 分類、出典範囲、問題形式、難易度、学習履歴などの 抽出条件から動的に構成できること。,FUNC,"DATA,RULE",RULE,yes,抽出条件から目的別問題集を動的構成する機能
REQ-PURPOSE-007,21,目的別問題集,初期リリース後,D,明示的に選択した問題と、 抽出条件で選択した問題を組み合わせて 目的別問題集を構成できること。,FUNC,DATA,RULE,yes,明示選択と抽出条件を組み合わせて問題集を構成する機能
REQ-PURPOSE-008,21,目的別問題集,初期リリース必須,D,1つの目的別問題集が、 複数の教材に属する問題を参照できること。 初期リリースの基準問題セットで、 複数教材参照を少数の問題で検証する。,DATA,RULE,RULE,yes,一つの目的別問題集から複数教材の問題を参照できる情報構造
REQ-PURPOSE-009,21,目的別問題集,初期リリース必須,D,目的別問題集について、少なくとも次を管理できること。 - 表示名 - 説明 - 学習目的 - 問題の選択方法 - 対象問題 - 出題順 - 出題数 - タイマー設定 - 印刷設定 - 公開状態,DATA,,RULE,yes,目的別問題集で保持する属性と設定を定義する
REQ-PURPOSE-010,21,目的別問題集,初期リリース必須,D,公開前の目的別問題集は、 子ども用画面から開始できないこと。,RULE,FUNC,RULE,no,公開前の問題集を子どもが開始できないようにする利用制御規則
REQ-QUIZ-001,22,出題順・出題数,初期リリース必須,D,問題集または学習セッションで、 固定順とランダム順を選択できること。,FUNC,"RULE,DATA",RULE,yes,固定順とランダム順を選択する出題設定機能
REQ-QUIZ-002,22,出題順・出題数,初期リリース後,D,次の出題順を選択できること。 - 難易度順 - 学習内容順 - 弱点優先 - 最近の誤答優先 - 復習優先度順,FUNC,"RULE,DATA",RULE,yes,難易度・学習内容・弱点・復習優先度などから出題順を選択する機能
REQ-QUIZ-003,22,出題順・出題数,初期リリース必須,D,対象問題の全問または指定問数を出題できること。,FUNC,DATA,RULE,yes,対象問題の全問または指定問数を出題する機能
REQ-QUIZ-004,22,出題順・出題数,初期リリース後,D,分類や学習区分ごとに、 出題数を割り当てられること。,FUNC,"DATA,RULE",RULE,yes,分類・学習区分ごとに出題数を割り当てる機能
REQ-QUIZ-005,22,出題順・出題数,初期リリース必須,D,本番形式演習では、 問題数、制限時間、問題順、出題形式を固定できること。,RULE,"DATA,FUNC",RULE,no,本番形式演習で問題数・時間・順序・形式を固定する出題規則
REQ-MODE-001,23,学習モード,初期リリース必須,D,問題集と出題方法を分離し、 同じ問題集を複数の学習モードで実行できること。,RULE,"FUNC,DATA",RULE,no,問題集定義と出題方法を分離し、同一問題集を複数モードで利用する原則
REQ-MODE-002,23,学習モード,初期リリース必須,D,通常練習モードを提供すること。 通常練習では、 対象範囲の問題を指定された順序と問数で出題する。,FUNC,RULE,RULE,yes,指定順序・問数で出題する通常練習モードを提供する機能
REQ-MODE-003,23,学習モード,初期リリース必須,D,周回練習モードを提供すること。 周回練習では、 前回の周回で誤答またはパスした問題だけを 次の周回へ残す。,FUNC,"RULE,DATA",RULE,yes,誤答・パス問題だけを次周へ残す周回練習モードを提供する機能
REQ-MODE-004,23,学習モード,初期リリース必須,D,弱点練習モードを提供すること。 弱点練習では、 現在の定着度が低い問題、忘却リスクが高い問題、 または復習時期を過ぎた問題を優先する。,FUNC,"RULE,DATA",RULE,yes,低定着・忘却リスク・復習期限超過問題を優先する弱点練習モードを提供する機能
REQ-MODE-005,23,学習モード,初期リリース必須,D,定着確認モードを提供すること。 定着確認では、 前回の学習から一定期間が経過した問題を再出題する。,FUNC,"RULE,DATA",RULE,yes,一定期間経過した問題を再出題する定着確認モードを提供する機能
REQ-MODE-006,23,学習モード,初期リリース必須,D,未着手問題だけを出題するモードを提供すること。,FUNC,"RULE,DATA",RULE,yes,未着手問題だけを対象とする学習モードを提供する機能
REQ-MODE-007,23,学習モード,初期リリース必須,D,対象範囲からランダムに確認するモードを提供すること。,FUNC,RULE,RULE,yes,対象範囲からランダム出題する確認モードを提供する機能
REQ-MODE-008,23,学習モード,初期リリース後,D,定着確認で、 経過日数や定着段階などの条件を管理者が指定できること。,FUNC,"OPS,RULE,DATA",RULE,yes,定着確認の経過日数・定着段階条件を管理者が指定する機能
REQ-MOBILE-001,24,移動中・運動中の学習,初期リリース必須,E,車移動や運動中の学習用に、 書かずに短時間で回答できる問題だけを選択できること。,FUNC,,FUNC,no,個別監査対象および追加監査条件に該当しないため、自動主候補を採用
REQ-MOBILE-002,24,移動中・運動中の学習,初期リリース必須,E,問題が移動中・運動中の学習に適するかを、 問題属性または問題形式から判定できること。,FUNC,,FUNC,no,個別監査対象および追加監査条件に該当しないため、自動主候補を採用
REQ-MOBILE-003,24,移動中・運動中の学習,初期リリース必須,E,移動中・運動中の学習では、 次のような問題を除外できること。 - 書き取り - 作図 - 英作文 - 長文読解 - 複雑な表・グラフ読解 - 途中式が必要な問題,FUNC,,FUNC,no,個別監査対象および追加監査条件に該当しないため、自動主候補を採用
REQ-MOBILE-004,24,移動中・運動中の学習,初期リリース必須,E,移動中・運動中の学習画面は、 少ない操作で回答表示と判定ができること。,FUNC,,FUNC,no,個別監査対象および追加監査条件に該当しないため、自動主候補を採用
REQ-EVENT-001,25,学習セッション・回答イベント,初期リリース必須,F,1回の学習実行を、 学習セッションとして一意に識別し保存すること。,DATA,,DATA,no,1回の学習実行を一意な学習セッションとして識別・保存するデータ要件
REQ-EVENT-002,25,学習セッション・回答イベント,初期リリース必須,F,学習セッションについて、少なくとも次を保存すること。 - 開始日時 - 終了日時 - 実行した教材または問題集 - 学習モード - 出題設定 - 出題問題 - 途中終了の有無,DATA,,DATA,no,学習セッションの開始終了日時・対象・モード・出題設定・問題・途中終了状態を保存するデータ要件
REQ-EVENT-003,25,学習セッション・回答イベント,初期リリース必須,F,問題への1回の回答を、 回答イベントとして保存すること。,DATA,,DATA,no,問題への1回の回答を回答イベントとして保存するデータ要件
REQ-EVENT-004,25,学習セッション・回答イベント,初期リリース必須,F,回答イベントについて、少なくとも次を保存すること。 - 学習セッション - 問題 - 判定結果 - 判定日時 - 問題所要時間 - 手動回答表示またはタイムアウト - 学習モード - 実行した目的別問題集 - 周回情報,DATA,,DATA,no,回答イベントにセッション・問題・判定・日時・所要時間・表示方法・モード・周回情報を保存する
REQ-EVENT-005,25,学習セッション・回答イベント,初期リリース必須,F,判定結果として、 少なくとも次を区別できること。 - 正解 - 不正解 - パス,DATA,,DATA,no,個別監査対象および追加監査条件に該当しないため、自動主候補を採用
REQ-EVENT-006,25,学習セッション・回答イベント,初期リリース必須,F,回答イベントを、 進捗・弱点・定着判定アルゴリズムから独立した 変更されない事実データとして保存すること。,DATA,"RULE,QUAL",DATA,no,回答イベントを進捗・弱点・定着アルゴリズムから独立した変更されない事実データとして保持する
REQ-EVENT-007,25,学習セッション・回答イベント,初期リリース必須,F,通常教材、目的別問題集、周回練習など、 すべての実行経路の回答イベントを 横断的に参照できること。,DATA,,DATA,no,個別監査対象および追加監査条件に該当しないため、自動主候補を採用
REQ-TIME-001,26,問題所要時間・一時停止,初期リリース必須,E,問題所要時間は、 問題を表示した時点から計測を開始すること。,RULE,"DATA,FUNC",RULE,no,問題表示時点を所要時間計測の開始点とする計測規則
REQ-TIME-002,26,問題所要時間・一時停止,初期リリース必須,E,問題所要時間は、 学習者が回答表示を要求した時点、 または制限時間が終了した時点で計測を終了すること。,RULE,"DATA,FUNC",RULE,no,回答表示要求または制限時間終了を計測終了点とする規則
REQ-TIME-003,26,問題所要時間・一時停止,初期リリース必須,E,一時停止中の時間を、 問題所要時間に含めないこと。,RULE,DATA,RULE,no,一時停止中の時間を問題所要時間へ含めない計測規則
REQ-TIME-004,26,問題所要時間・一時停止,初期リリース必須,F,手動で回答を表示した場合と、 時間切れで回答を表示した場合を区別して記録すること。,DATA,RULE,RULE,yes,手動回答表示と時間切れ回答表示を区別して記録するデータ要件
REQ-TIME-005,26,問題所要時間・一時停止,初期リリース必須,E,回答表示後から正誤判定までの時間は、 問題所要時間として記録しないこと。,RULE,DATA,RULE,no,回答表示後から正誤判定までを問題所要時間へ含めない規則
REQ-TIME-006,26,問題所要時間・一時停止,初期リリース必須,F,問題所要時間は弱点・定着判定の補助情報とし、 所要時間だけで習得または弱点を判定しないこと。,RULE,DATA,RULE,no,所要時間を補助情報とし、時間だけで習得・弱点を判定しない評価規則
REQ-CYCLE-001,27,周回管理,初期リリース必須,F,周回管理を、 短期間で範囲内の誤答をなくすための管理機能として提供すること。,FUNC,RULE,DATA,yes,短期間で範囲内の誤答をなくすための周回管理機能
REQ-CYCLE-002,27,周回管理,初期リリース必須,F,周回の初回では、 開始時点の対象問題をすべて出題すること。,RULE,"FUNC,DATA",DATA,yes,周回初回では開始時点の対象問題をすべて出題する規則
REQ-CYCLE-003,27,周回管理,初期リリース必須,F,周回実施後、 誤答またはパスした問題だけを次周へ残すこと。,RULE,"FUNC,DATA",DATA,yes,誤答・パス問題だけを次周へ残す周回更新規則
REQ-CYCLE-004,27,周回管理,初期リリース必須,F,残り問題がなくなった場合、 周回完了として扱うこと。,RULE,DATA,DATA,yes,残り問題がゼロになった時点を周回完了とする判定規則
REQ-CYCLE-005,27,周回管理,初期リリース必須,F,完了した周回を再度開始する場合、 新しい周回として対象問題全体から開始できること。,FUNC,"RULE,DATA",DATA,yes,完了済み周回を新しい周回として全対象から再開始する機能
REQ-CYCLE-006,27,周回管理,初期リリース必須,F,周回管理の状態を、 目的別問題集単位またはテスト対策単位で管理すること。,DATA,,DATA,no,目的別問題集・テスト対策単位で周回状態を保持するデータ要件
REQ-CYCLE-007,27,周回管理,初期リリース必須,F,周回の開始後に問題集定義が変更されても、 進行中の周回対象を自動的に変更しないこと。,RULE,"DATA,QUAL",DATA,yes,開始後の問題集変更で進行中の周回対象を自動変更しない規則
REQ-CYCLE-008,27,周回管理,初期リリース必須,F,進行中の周回へ、 管理者が問題を明示的に追加できること。 追加理由と追加日時を記録する。,FUNC,"OPS,DATA",DATA,yes,管理者が進行中の周回へ問題を追加し理由・日時を記録する機能
REQ-CYCLE-009,27,周回管理,初期リリース必須,F,実行中に周回がリセットまたは更新された場合、 古い学習セッションの結果で 新しい周回状態を上書きしないこと。,QUAL,"RULE,DATA",DATA,yes,古い学習セッション結果が更新後の周回状態を上書きしない競合安全性要件
REQ-CYCLE-010,27,周回管理,初期リリース必須,F,その場限りの「間違えた問題だけ再挑戦」と、 継続的な周回管理を区別すること。,RULE,"DATA,FUNC",DATA,yes,一時的な再挑戦と継続的周回管理を区別する学習管理規則
REQ-CYCLE-011,27,周回管理,初期リリース必須,F,周回の正解・誤答・パスも、 長期学習用の回答イベントとして記録すること。,DATA,RULE,DATA,no,周回中の正解・誤答・パスも長期学習用回答イベントとして記録する
REQ-CYCLE-012,27,周回管理,初期リリース必須,F,周回完了を、 長期的な習得完了または弱点解除とはみなさないこと。,RULE,DATA,DATA,yes,周回完了を長期習得完了や弱点解除と同一視しない評価規則
REQ-MASTERY-001,28,弱点・定着管理,初期リリース必須,F,弱点・定着管理を、 周回管理とは独立した長期学習機能として提供すること。,RULE,"FUNC,DATA",DATA,yes,弱点・定着管理を周回管理とは独立した長期学習機能として扱う原則
REQ-MASTERY-002,28,弱点・定着管理,初期リリース必須,F,通常教材と目的別問題集の回答イベントを横断して、 問題ごとの長期的な定着状態を管理すること。,DATA,RULE,DATA,no,通常教材・目的別問題集を横断した回答イベントから問題別の長期定着状態を保持する
REQ-MASTERY-003,28,弱点・定着管理,初期リリース必須,F,短い間隔での再正解と、 一定期間を空けた後の再正解を区別すること。,RULE,DATA,DATA,yes,短期間の再正解と期間を空けた再正解を異なる証拠として扱う判定規則
REQ-MASTERY-004,28,弱点・定着管理,初期リリース必須,F,短い間隔で再正解しただけでは、 長期定着を確認したと判定しないこと。,RULE,DATA,DATA,yes,短期間で再正解しただけでは長期定着と判定しない規則
REQ-MASTERY-005,28,弱点・定着管理,初期リリース必須,F,回答結果だけでなく、 前回の確認や失敗からの経過時間を考慮して 定着状態を評価すること。,RULE,DATA,DATA,yes,回答結果と経過時間を組み合わせて定着状態を評価する規則
REQ-MASTERY-006,28,弱点・定着管理,初期リリース必須,F,一定期間を空けて正解できたことを、 長期定着を示す重要な証拠として扱うこと。,RULE,DATA,DATA,yes,一定期間後の正解を長期定着の重要な証拠として扱う規則
REQ-MASTERY-007,28,弱点・定着管理,初期リリース必須,F,一定期間後の誤答またはパスを、 忘却や再学習の必要性を示す証拠として扱うこと。,RULE,DATA,DATA,yes,一定期間後の誤答・パスを忘却・再学習必要性の証拠として扱う規則
REQ-MASTERY-008,28,弱点・定着管理,初期リリース必須,F,現在有効な定着状態と、 過去に到達した最高の定着状態を分けて管理すること。,DATA,RULE,DATA,no,現在有効な定着状態と過去最高の定着状態を分けて保持する
REQ-MASTERY-009,28,弱点・定着管理,初期リリース必須,F,問題ごとに、 次回の確認時期または復習優先度を算出できること。,FUNC,"DATA,RULE",DATA,yes,問題ごとの次回確認時期または復習優先度を算出する機能
REQ-MASTERY-010,28,弱点・定着管理,初期リリース必須,F,定着状態、忘却リスク、復習状態などを、 回答イベントから再計算できること。,RULE,"DATA,FUNC",DATA,yes,定着状態・忘却リスク・復習状態を回答イベントから再計算可能とする原則
REQ-MASTERY-011,28,弱点・定着管理,初期リリース必須,F,定着判定アルゴリズムを識別し、 バージョン管理できること。,DATA,OPS,DATA,no,定着判定アルゴリズムの識別子とバージョンを管理するデータ要件
REQ-MASTERY-012,28,弱点・定着管理,初期リリース必須,F,定着判定アルゴリズムを変更した場合、 保存済みの回答イベントから 全問題の定着状態を再評価できること。,FUNC,"DATA,RULE",DATA,yes,アルゴリズム変更時に保存済み回答イベントから全問題の定着状態を再評価する機能
REQ-MASTERY-013,28,弱点・定着管理,初期リリース必須,F,定着段階、確認間隔、昇格・降格条件、 忘却リスクの閾値などの具体値を 変更可能な規則として管理すること。 既存試作の具体値を固定仕様として採用しない。,DATA,"RULE,SCOPE",DATA,no,定着段階・確認間隔・昇降格条件・閾値を変更可能な規則データとして管理する
REQ-MASTERY-014,28,弱点・定着管理,初期リリース必須,F,正解回数、誤答回数、パス回数、正答率などの集計値を、 回答イベントから再計算できること。,FUNC,"DATA,RULE",DATA,yes,正解・誤答・パス回数や正答率を回答イベントから再集計する機能
REQ-PROGRESS-005,29,進捗・達成状況の分離,初期リリース必須,F,問題ごとの長期進捗・定着状態は、 問題を利用した教材や目的別問題集にかかわらず共有すること。,DATA,,DATA,no,個別監査対象および追加監査条件に該当しないため、自動主候補を採用
REQ-PROGRESS-006,29,進捗・達成状況の分離,初期リリース必須,F,目的別問題集について、 その問題集固有の実行履歴、達成状況、周回状態を管理できること。,DATA,,DATA,no,個別監査対象および追加監査条件に該当しないため、自動主候補を採用
REQ-PROGRESS-007,29,進捗・達成状況の分離,初期リリース必須,F,問題ごとの長期進捗と、 目的別問題集固有の達成状況を混同しないこと。,DATA,,DATA,no,個別監査対象および追加監査条件に該当しないため、自動主候補を採用
REQ-PROGRESS-008,29,進捗・達成状況の分離,初期リリース必須,F,目的別問題集での回答も、 問題ごとの長期進捗・定着状態へ反映すること。,DATA,,DATA,no,個別監査対象および追加監査条件に該当しないため、自動主候補を採用
REQ-PROGRESS-009,29,進捗・達成状況の分離,初期リリース必須,F,目的別問題集の達成状況をリセットしても、 問題ごとの長期回答履歴と定着状態を 自動的には削除しないこと。,DATA,,DATA,no,個別監査対象および追加監査条件に該当しないため、自動主候補を採用
REQ-RESUME-001,30,学習途中の再開,初期リリース必須,E,途中終了した学習セッションを再開できること。,FUNC,,FUNC,no,個別監査対象および追加監査条件に該当しないため、自動主候補を採用
REQ-RESUME-002,30,学習途中の再開,初期リリース必須,E,再開時に、少なくとも次を復元できること。 - 実行した教材または目的別問題集 - 学習モード - 出題設定 - 問題順 - 回答済み問題 - 未回答問題 - 周回情報,FUNC,,FUNC,no,個別監査対象および追加監査条件に該当しないため、自動主候補を採用
REQ-RESUME-003,30,学習途中の再開,初期リリース必須,E,再開されたセッションで、 同じ回答イベントを重複登録しないこと。,FUNC,,FUNC,no,個別監査対象および追加監査条件に該当しないため、自動主候補を採用
REQ-RESET-001,31,確認・リセット・再構築,初期リリース必須,F,学習履歴、目的別達成状況、周回状態などを、 管理対象ごとに確認できること。,FUNC,DATA,RULE,yes,学習履歴・目的別達成状況・周回状態を管理対象ごとに確認する機能
REQ-RESET-002,31,確認・リセット・再構築,初期リリース必須,F,次のリセット操作を分離すること。 - 教材または問題集の実行履歴 - 目的別問題集の達成状況 - 周回状態 - 学習事実全体,RULE,"FUNC,DATA",RULE,no,実行履歴・達成状況・周回状態・学習事実全体を別々のリセット対象として扱う規則
REQ-RESET-003,31,確認・リセット・再構築,初期リリース必須,F,周回状態だけをリセットしても、 回答イベントや長期定着状態を削除しないこと。,RULE,"DATA,QUAL",RULE,no,周回状態のリセット時に回答イベントや長期定着状態を削除しない保全規則
REQ-RESET-004,31,確認・リセット・再構築,初期リリース必須,F,派生した定着状態に不整合が疑われる場合、 回答イベントから再構築できること。,FUNC,"DATA,QUAL",RULE,yes,派生した定着状態を回答イベントから再構築する機能
REQ-RESET-005,31,確認・リセット・再構築,初期リリース必須,F,学習事実を削除する操作では、 削除対象と影響範囲を事前に表示し、 強い確認操作を要求すること。,RULE,"FUNC,OPS,QUAL",RULE,no,学習事実削除前に対象・影響範囲を表示し強い確認操作を要求する安全規則
REQ-RESET-006,31,確認・リセット・再構築,初期リリース必須,F,履歴の削除後は、 残っている回答イベントから 定着状態を再計算すること。,FUNC,"DATA,RULE",RULE,yes,履歴削除後に残存回答イベントから定着状態を再計算する機能
REQ-EXPORT-001,32,履歴・分析用エクスポート,初期リリース後,H,通常教材と目的別問題集を横断した回答イベントを、 分析可能な形式でエクスポートできること。,FUNC,DATA,DATA,yes,通常教材・目的別問題集を横断した回答イベントを分析可能な形式で出力する機能
REQ-EXPORT-002,32,履歴・分析用エクスポート,初期リリース後,H,回答イベントのエクスポートには、 少なくとも次を含めること。 - セッション識別情報 - 実行対象 - 学習モード - 問題 - 判定結果 - 判定日時 - 回答表示方法 - 制限時間 - 実所要時間 - 途中終了の有無 - 周回情報,DATA,SCOPE,DATA,no,回答イベントの分析用出力へ含める識別・判定・時間・周回情報を定義する
REQ-EXPORT-003,32,履歴・分析用エクスポート,初期リリース後,H,回答イベントのエクスポートを、 定着判定アルゴリズムの検証と改善に利用できること。,OPS,"FUNC,DATA",DATA,yes,回答イベント出力を定着判定アルゴリズムの検証・改善に利用する分析運用
REQ-UI-001,34,画面全体構造,初期リリース必須,G,主要機能を、少なくとも次の領域へ整理すること。 - 学習する - 印刷する - 進捗・履歴を見る - 管理する,RULE,FUNC,FUNC,yes,学習・印刷・進捗確認・管理を主要画面領域として整理する画面構成規則
REQ-UI-002,34,画面全体構造,初期リリース必須,G,学習開始の入口として、 少なくとも次を提供すること。 - 教材から選ぶ - 目的から選ぶ - 前回の続き,FUNC,DATA,FUNC,no,教材・目的・前回の続きから学習開始できる入口を提供する機能
REQ-UI-003,34,画面全体構造,初期リリース後,G,学習履歴、試験予定、復習時期、管理者の指定などから、 「今日のおすすめ」を提示できること。,FUNC,"DATA,OPS,RULE",FUNC,no,履歴・試験予定・復習時期・管理者指定から今日のおすすめを提示する機能
REQ-UI-004,34,画面全体構造,初期リリース必須,G,学校教科と検定を、 共通した操作体系の中で扱うこと。 ただし、それぞれの分類構造や表示単位の違いは表現できること。,RULE,"FUNC,DATA",FUNC,yes,学校教科と検定を共通操作体系で扱いつつ分類構造・表示単位の違いを表現する規則
REQ-UI-005,34,画面全体構造,初期リリース必須,G,学習開始、印刷、進捗確認、教材管理を、 利用者が混同しない独立した導線として提供すること。,RULE,"FUNC,QUAL",FUNC,yes,学習・印刷・進捗・教材管理を混同しない独立導線として提供する規則
REQ-UI-006,34,画面全体構造,初期リリース必須,G,画面階層と選択肢を必要以上に増やさず、 主要な学習を少ない操作で開始できること。,QUAL,"FUNC,RULE",FUNC,yes,画面階層と選択肢を抑え少ない操作で主要学習を開始できる操作性要件
REQ-CHILD-001,35,子ども用画面,初期リリース必須,G,子ども用画面と管理用画面を、 役割と表示情報の異なる画面として明確に分離すること。,RULE,"FUNC,DATA",FUNC,yes,子ども用画面と管理用画面を役割・表示情報の異なる画面として分離する規則
REQ-CHILD-002,35,子ども用画面,初期リリース必須,G,子ども用画面では、 その時点で実行可能な学習内容が容易に分かること。,FUNC,QUAL,FUNC,no,その時点で実行可能な学習内容を子どもが容易に確認できる機能
REQ-CHILD-003,35,子ども用画面,初期リリース必須,G,子ども用画面では、 学習開始までのボタンや設定項目を必要最小限にすること。,QUAL,"RULE,FUNC",FUNC,yes,学習開始までの操作・設定を必要最小限にする操作容易性要件
REQ-CHILD-004,35,子ども用画面,初期リリース必須,G,子ども用画面では、 内部ID、データ状態、出典管理項目、詳細な抽出条件など、 学習に不要な管理情報を表示しないこと。,RULE,"DATA,FUNC",FUNC,yes,内部ID・データ状態・出典項目などの不要な管理情報を子どもへ表示しない規則
REQ-CHILD-005,35,子ども用画面,初期リリース必須,G,子ども用画面では、 バックアップ、データ削除、教材編集などの管理操作を 通常の学習操作として表示しないこと。,RULE,"FUNC,OPS",FUNC,yes,バックアップ・削除・教材編集などの管理操作を通常の学習操作として表示しない規則
REQ-CHILD-006,35,子ども用画面,初期リリース必須,G,学習終了時に、 少なくとも次の結果を理解しやすく表示すること。 - 実施問題数 - 正解数 - 不正解数 - パス数 - 正答率 - 未完了または次に取り組む問題,FUNC,"DATA,QUAL",FUNC,no,学習終了時に問題数・判定内訳・正答率・次の対象を理解しやすく表示する機能
REQ-CHILD-007,35,子ども用画面,初期リリース必須,G,子ども用画面から、 前回中断した学習を容易に再開できること。,FUNC,DATA,FUNC,no,子ども用画面から前回中断した学習を容易に再開する機能
REQ-CHILD-008,35,子ども用画面,初期リリース必須,G,子ども用画面では、 利用停止中、作成中、参照不能など、 開始できない教材や問題集を通常の開始候補として表示しないこと。 必要に応じて理由を分かりやすく表示する。,RULE,"FUNC,DATA",FUNC,yes,開始不能な教材・問題集を通常候補として表示せず、必要に応じて理由を示す規則
REQ-ADMIN-001,36,管理用画面,初期リリース必須,G,管理用画面から、 教材、問題、目的別問題集、学習分類を確認できること。,FUNC,DATA,FUNC,no,教材・問題・目的別問題集・学習分類を管理画面から確認する機能
REQ-ADMIN-002,36,管理用画面,初期リリース必須,G,管理用画面から、 目的別問題集を作成・編集・公開管理できること。,FUNC,"DATA,OPS",FUNC,no,目的別問題集を作成・編集し公開状態を管理する機能
REQ-ADMIN-003,36,管理用画面,初期リリース必須,G,管理用画面から、 問題の分類、出典、難易度、問題形式、表示資料、 印刷属性を確認できること。,FUNC,DATA,FUNC,no,問題の分類・出典・難易度・形式・表示資料・印刷属性を確認する機能
REQ-ADMIN-004,36,管理用画面,初期リリース必須,G,管理用画面から、 学習履歴、問題別進捗、弱点・定着状態、 目的別問題集の達成状況、周回状況を確認できること。,FUNC,DATA,FUNC,no,履歴・進捗・定着・達成状況・周回状況を確認する機能
REQ-ADMIN-005,36,管理用画面,初期リリース必須,G,管理用画面から、 教材や問題の登録内容に対する データ検証結果を確認できること。,FUNC,"DATA,QUAL",FUNC,no,教材・問題の登録内容に対するデータ検証結果を確認する機能
REQ-ADMIN-006,36,管理用画面,初期リリース必須,G,管理用画面から、 印刷対象と出力内容を選択できること。,FUNC,DATA,FUNC,no,管理画面から印刷対象と出力内容を選択する機能
REQ-ADMIN-007,36,管理用画面,初期リリース必須,G,管理用画面から、 バックアップ、復元、リセットなどの保守操作を実行できること。,FUNC,OPS,FUNC,no,管理画面からバックアップ・復元・リセットなどの保守操作を実行する機能
REQ-ADMIN-008,36,管理用画面,初期リリース必須,G,削除、復元、全体リセットなど影響の大きい操作では、 対象と影響範囲を明示し、確認操作を要求すること。,RULE,"FUNC,OPS,QUAL",FUNC,yes,削除・復元・全体リセット前に対象と影響を示し確認操作を要求する安全規則
REQ-ADMIN-009,36,管理用画面,初期リリース必須,G,子ども用機能と管理用機能について、 権限のない利用者が管理操作を実行できないようにすること。 具体的な認証・権限方式は技術選定時に決定する。,RULE,"FUNC,QUAL,SCOPE",FUNC,yes,権限のない利用者による管理操作の実行を禁止するアクセス規則
REQ-NAV-001,37,教材・目的から選ぶ導線,初期リリース必須,G,教材から選ぶ画面では、 学校教科、検定、教材などの分類から 対象教材を選択できること。,FUNC,DATA,FUNC,no,学校教科・検定・教材の分類から対象教材を選択する機能
REQ-NAV-002,37,教材・目的から選ぶ導線,初期リリース必須,G,目的から選ぶ画面では、 少なくとも次の目的から学習を選択できること。 - 定期テスト対策 - 検定対策 - 弱点補強 - 復習 - 本番形式 - 移動中・運動中の学習,FUNC,DATA,FUNC,no,定期テスト・検定・弱点補強・復習・本番形式などの目的から学習を選択する機能
REQ-NAV-003,37,教材・目的から選ぶ導線,初期リリース後,G,目的から選ぶ画面で、 先取り学習を選択できること。,FUNC,DATA,FUNC,no,目的から選ぶ画面で先取り学習を選択する機能
REQ-NAV-004,37,教材・目的から選ぶ導線,初期リリース必須,G,検定教材は、 検定種別と級を基準として選択できること。,FUNC,DATA,FUNC,no,検定種別と級を基準として検定教材を選択する機能
REQ-NAV-005,37,教材・目的から選ぶ導線,初期リリース必須,G,検定の級の中で、 語彙、読解、作文、リスニングなどの 出題分野または学習目的を選択できること。,FUNC,DATA,FUNC,no,検定級内で語彙・読解・作文・リスニングなどを選択する機能
REQ-NAV-006,37,教材・目的から選ぶ導線,初期リリース必須,G,定期テスト対策は、 試験回、教科、対象範囲、学習目的を識別して選択できること。,FUNC,DATA,FUNC,no,試験回・教科・対象範囲・目的を識別して定期テスト対策を選択する機能
REQ-NAV-007,37,教材・目的から選ぶ導線,初期リリース必須,G,弱点補強では、 問題別の弱点だけでなく、 知識、技能、問題形式などの単位でも 弱点を確認できること。,FUNC,DATA,FUNC,no,問題・知識・技能・問題形式などの単位で弱点を確認する機能
REQ-NAV-008,37,教材・目的から選ぶ導線,初期リリース後,G,管理者が、 優先して取り組ませる学習内容を指定できること。,OPS,"FUNC,DATA",FUNC,yes,管理者が優先して取り組ませる学習内容を指定する運用要件
REQ-DASHBOARD-001,38,進捗・履歴の表示,初期リリース必須,G,子ども用画面では、 複雑な分析値を一度にすべて表示せず、 現在の学習判断に必要な情報を優先して表示すること。,FUNC,,FUNC,no,個別監査対象および追加監査条件に該当しないため、自動主候補を採用
REQ-DASHBOARD-002,38,進捗・履歴の表示,初期リリース必須,G,子ども用の進捗表示では、 少なくとも次を確認できること。 - 今回または当日の正答状況 - 未完了問題数 - 誤答・パスした問題数 - 周回の残り問題数 - 次に復習すべき問題の有無,FUNC,,FUNC,no,個別監査対象および追加監査条件に該当しないため、自動主候補を採用
REQ-DASHBOARD-003,38,進捗・履歴の表示,初期リリース必須,G,管理用画面では、 少なくとも次の単位で進捗を確認できること。 - 問題 - 学習テーマ - 教材 - 目的別問題集 - 周回 - 弱点・定着状態,FUNC,,FUNC,no,個別監査対象および追加監査条件に該当しないため、自動主候補を採用
REQ-DASHBOARD-004,38,進捗・履歴の表示,初期リリース後,G,次の単位で集計した進捗を確認できること。 - 検定級 - 定期テスト - 知識分類 - 技能分類 - 問題形式,FUNC,,FUNC,no,個別監査対象および追加監査条件に該当しないため、自動主候補を採用
REQ-DASHBOARD-005,38,進捗・履歴の表示,初期リリース必須,G,学習履歴の一覧で、 少なくとも次を確認できること。 - 実施日時 - 教材または目的別問題集 - 学習モード - 問題数 - 正解・不正解・パス数 - 正答率 - 所要時間 - 途中終了の有無,FUNC,,FUNC,no,個別監査対象および追加監査条件に該当しないため、自動主候補を採用
REQ-DASHBOARD-006,38,進捗・履歴の表示,初期リリース必須,G,学習履歴から、 誤答またはパスした問題の詳細を確認できること。,FUNC,,FUNC,no,個別監査対象および追加監査条件に該当しないため、自動主候補を採用
REQ-DASHBOARD-007,38,進捗・履歴の表示,初期リリース後,G,試験日や目標日に対する学習進捗を表示できること。,FUNC,DATA,FUNC,no,試験日・目標日に対する学習進捗を表示する機能
REQ-PLAYER-001,39,学習画面の操作,初期リリース必須,E,学習画面では、 問題、回答表示、判定、次の問題への移動を 一貫した操作で行えること。,FUNC,,FUNC,no,個別監査対象および追加監査条件に該当しないため、自動主候補を採用
REQ-PLAYER-002,39,学習画面の操作,初期リリース必須,E,正解、不正解、パスの判定操作を、 スマートフォンで押しやすい大きさと配置で提供すること。,FUNC,,FUNC,no,個別監査対象および追加監査条件に該当しないため、自動主候補を採用
REQ-PLAYER-003,39,学習画面の操作,初期リリース必須,E,移動中・運動中向け学習では、 通常の学習画面よりも操作数を抑えた表示を利用できること。,FUNC,,FUNC,no,個別監査対象および追加監査条件に該当しないため、自動主候補を採用
REQ-PLAYER-004,39,学習画面の操作,初期リリース必須,E,問題文、画像、表、グラフ、長文などを、 画面幅に合わせて読みやすく表示すること。,FUNC,,FUNC,no,個別監査対象および追加監査条件に該当しないため、自動主候補を採用
REQ-PLAYER-005,39,学習画面の操作,初期リリース必須,E,音声問題では、 再生開始、繰り返し再生、停止などの操作を 問題画面から実行できること。,FUNC,,FUNC,no,個別監査対象および追加監査条件に該当しないため、自動主候補を採用
REQ-PLAYER-006,39,学習画面の操作,初期リリース必須,E,図表を伴う問題でも、 通常問題と同じ回答・判定の流れを維持すること。,FUNC,,FUNC,no,個別監査対象および追加監査条件に該当しないため、自動主候補を採用
REQ-PLAYER-007,39,学習画面の操作,初期リリース後,E,細部の確認が必要な画像・地図・グラフを 拡大表示できること。,FUNC,QUAL,FUNC,no,画像・地図・グラフの細部を確認するための拡大表示機能
REQ-PLAYER-008,39,学習画面の操作,初期リリース必須,E,問題表示中の一時停止と再開を操作できること。 回答表示後は一時停止を必要としない。,FUNC,,FUNC,no,個別監査対象および追加監査条件に該当しないため、自動主候補を採用
REQ-PRINT-NAV-001,40,印刷導線,初期リリース必須,G,印刷機能を、 画面上で問題を解く学習開始操作とは 独立した導線として提供すること。,FUNC,,FUNC,no,個別監査対象および追加監査条件に該当しないため、自動主候補を採用
REQ-PRINT-NAV-002,40,印刷導線,初期リリース必須,G,少なくとも次を印刷対象として選択できること。 - 教材 - 目的別問題集 - 弱点問題 - 本番形式問題集,FUNC,,FUNC,no,個別監査対象および追加監査条件に該当しないため、自動主候補を採用
REQ-PRINT-NAV-003,40,印刷導線,初期リリース必須,G,印刷時に、 少なくとも次の出力物を選択できること。 - 問題用紙 - 解答用紙 - 解答一覧 - 解答・解説 - 一式の出力パック,FUNC,,FUNC,no,個別監査対象および追加監査条件に該当しないため、自動主候補を採用
REQ-ACCESS-001,41,アクセシビリティ・レスポンシブ表示,初期リリース必須,G,子ども用の主要操作を、 スマートフォンの縦向き表示で利用できること。,QUAL,FUNC,QUAL,no,子ども用主要操作をスマートフォン縦向きで利用可能にする表示適合性要件
REQ-ACCESS-002,41,アクセシビリティ・レスポンシブ表示,初期リリース必須,G,画面サイズに応じて、 問題文、画像、表、グラフ、操作ボタンが 表示領域からはみ出さないこと。,QUAL,,QUAL,no,画面サイズに応じて主要要素を表示領域内へ収めるレスポンシブ品質要件
REQ-ACCESS-003,41,アクセシビリティ・レスポンシブ表示,初期リリース必須,G,文字、ボタン、入力欄を、 中学生が読み取り・操作しやすい大きさで表示すること。,QUAL,,QUAL,no,中学生が読み取り・操作しやすい文字・操作部品サイズの品質要件
REQ-ACCESS-004,41,アクセシビリティ・レスポンシブ表示,初期リリース必須,G,重要な状態や判定結果を、 色だけに依存せず文字や記号でも識別できること。,QUAL,RULE,QUAL,no,重要状態を色だけに依存せず文字・記号でも識別可能にする要件
REQ-ACCESS-005,41,アクセシビリティ・レスポンシブ表示,初期リリース必須,G,画像には代替テキストを持たせ、 画像を取得または表示できない場合にも 問題の状況を把握できるようにすること。,QUAL,DATA,QUAL,no,画像取得不能時にも問題状況を把握できるよう代替テキストを提供する要件
REQ-ACCESS-006,41,アクセシビリティ・レスポンシブ表示,初期リリース必須,G,キーボード操作でも、 主要な学習操作と管理操作を実行できること。,QUAL,FUNC,QUAL,no,主要操作をキーボードでも実行可能にする操作アクセシビリティ要件
REQ-ACCESS-007,41,アクセシビリティ・レスポンシブ表示,初期リリース必須,G,音声を利用する問題では、 著作権や問題形式上許される範囲で 文字起こしまたは代替情報を管理できること。,DATA,"QUAL,OPS",QUAL,yes,音声問題の文字起こし・代替情報を権利条件付きで保持するデータ要件
REQ-ACCESS-008,41,アクセシビリティ・レスポンシブ表示,初期リリース後,G,利用者に応じて、 文字サイズや表示密度を調整できること。,FUNC,QUAL,QUAL,yes,利用者別に文字サイズ・表示密度を調整する機能
REQ-VISUAL-001,43,図表・表示資料の共通管理,初期リリース必須,B,図、表、グラフなどの表示資料を、 問題本文とは分離したデータとして管理すること。,RULE,DATA,DATA,yes,図・表・グラフなどを問題本文とは別データとして管理する分離原則
REQ-VISUAL-002,43,図表・表示資料の共通管理,初期リリース必須,B,1つの問題へ、 複数の表示資料を関連付けられること。,DATA,,DATA,no,一つの問題へ複数の表示資料を関連付けるデータ要件
REQ-VISUAL-003,43,図表・表示資料の共通管理,初期リリース必須,B,表示資料について、 少なくとも次の種類を扱えること。 - 画像 - 表 - グラフ - 地図 - 年表 - 座標平面 - 図形 - 作図用図 - 記入用升目 - 面接カード - 複数要素を組み合わせた資料,DATA,SCOPE,DATA,no,画像・表・地図・年表・図形・記入欄などの表示資料種別を扱うデータ要件
REQ-VISUAL-004,43,図表・表示資料の共通管理,初期リリース必須,B,表示資料ごとに、 少なくとも次を管理できること。 - 種類 - 問題内での役割 - 表示順 - 表題または説明 - 代替テキスト - 画面表示設定 - 印刷設定 - 出典・著作権情報 - 公開可否,DATA,"OPS,RULE",DATA,no,表示資料の種類・役割・順序・代替文・出典・著作権・公開可否を保持する
REQ-VISUAL-005,43,図表・表示資料の共通管理,初期リリース必須,B,表示資料を、 問題文の前、後、または文中の指定位置へ配置できること。,DATA,FUNC,DATA,no,問題文の前後・文中における表示資料の配置位置を保持する
REQ-VISUAL-006,43,図表・表示資料の共通管理,初期リリース必須,B,画面表示用のサイズ・配置と、 印刷用のサイズ・配置を別々に設定できること。,DATA,RULE,DATA,no,画面用と印刷用のサイズ・配置を別々に設定するデータ要件
REQ-VISUAL-007,43,図表・表示資料の共通管理,初期リリース必須,B,図表と問題文または解答欄が、 印刷時に不適切に分断されないように制御できること。,QUAL,"FUNC,RULE",DATA,yes,図表と問題文・解答欄が印刷時に不適切に分断されない印刷品質要件
REQ-VISUAL-008,43,図表・表示資料の共通管理,初期リリース必須,B,書き込みが必要な表示資料について、 学習者が記入する対象であることを明示できること。,FUNC,"DATA,QUAL",DATA,yes,書き込み対象の表示資料であることを学習者へ明示する機能
REQ-ASSET-001,44,画像・表示アセット,初期リリース必須,B,表示資料の実体を、 一意に識別可能なアセットとして管理すること。,DATA,QUAL,DATA,no,表示資料の実体を一意に識別可能なアセットとして保持する
REQ-ASSET-002,44,画像・表示アセット,初期リリース必須,B,同じアセットを、 複数の問題や教材から再利用できること。,RULE,"DATA,FUNC",DATA,yes,同一アセットを複製せず複数問題・教材から再利用可能にする構造原則
REQ-ASSET-003,44,画像・表示アセット,初期リリース必須,B,アセットについて、 元資料または生成方法を記録できること。 例: - 自作 - 描画ツールから生成 - 構造化データから生成 - スキャン - 外部素材 - 教科書・ワーク・公式資料,DATA,OPS,DATA,no,アセットの元資料・生成方法を由来情報として記録する
REQ-ASSET-004,44,画像・表示アセット,初期リリース必須,B,アセットの取得・表示に失敗した場合、 利用者へ欠落を明示し、 可能な場合は代替テキストを表示すること。,FUNC,"QUAL,DATA",DATA,yes,アセット取得・表示失敗時に欠落を明示し、代替テキストを表示する機能
REQ-ASSET-005,44,画像・表示アセット,初期リリース必須,B,アセットが存在しない、参照不能、 または利用許可がない状態を データ検証で検出できること。,FUNC,"DATA,QUAL",DATA,yes,アセット不存在・参照不能・利用不可をデータ検証で検出する機能
REQ-ASSET-006,44,画像・表示アセット,初期リリース後,B,同一アセットについて、 画面用、印刷用、縮小表示用などの 複数の派生ファイルを管理できること。,DATA,,DATA,no,同一アセットの画面用・印刷用・縮小用などの派生ファイルを管理するデータ要件
REQ-TABLE-001,45,表の構造化,初期リリース必須,B,表を画像だけでなく、 列、行、見出し、単位などを持つ 構造化データとして管理できること。,DATA,RULE,DATA,no,表を画像だけでなく列・行・見出し・単位を持つ構造化データとして保持する
REQ-TABLE-002,45,表の構造化,初期リリース必須,B,表について、 少なくとも次を管理できること。 - 列見出し - 行データ - 単位 - 表題 - 見出し表示の有無 - 書き込み可否,DATA,,DATA,no,表題・列見出し・行データ・単位・表示属性を保持するデータ要件
REQ-TABLE-003,45,表の構造化,初期リリース必須,B,構造化した表を、 画面表示と印刷出力の両方に利用できること。,FUNC,DATA,DATA,yes,同一の構造化表データを画面表示と印刷出力に利用する機能
REQ-TABLE-004,45,表の構造化,初期リリース後,B,構造化した表データを、 グラフ生成やデータ分析へ再利用できること。,FUNC,DATA,DATA,yes,構造化表データをグラフ生成・分析へ再利用する機能
REQ-GRAPH-001,46,グラフ・座標平面,初期リリース必須,B,グラフについて、 可能な場合は画像だけでなく、 元データ、軸、単位、グラフ種類を管理すること。,DATA,,DATA,no,個別監査対象および追加監査条件に該当しないため、自動主候補を採用
REQ-GRAPH-002,46,グラフ・座標平面,初期リリース必須,B,少なくとも次のグラフ種類を扱えること。 - 折れ線 - 棒 - 円 - ヒストグラム - 散布図 - 比例 - 反比例,DATA,,DATA,no,個別監査対象および追加監査条件に該当しないため、自動主候補を採用
REQ-GRAPH-003,46,グラフ・座標平面,初期リリース必須,B,グラフについて、 少なくとも次を設定できること。 - 横軸と縦軸 - 軸の名称 - 単位 - 表示範囲 - 目盛り - 補助線 - 点または系列 - 書き込み可否,DATA,,DATA,no,個別監査対象および追加監査条件に該当しないため、自動主候補を採用
REQ-GRAPH-004,46,グラフ・座標平面,初期リリース必須,B,座標平面について、 表示範囲、軸、目盛り、点、直線などを 構造化して管理できること。,DATA,,DATA,no,個別監査対象および追加監査条件に該当しないため、自動主候補を採用
REQ-GRAPH-005,46,グラフ・座標平面,初期リリース後,B,元データや構造化定義から、 画面用・印刷用グラフを再生成できること。,DATA,,DATA,no,個別監査対象および追加監査条件に該当しないため、自動主候補を採用
REQ-GEOMETRY-001,47,図形・作図,初期リリース必須,B,数学・数検などの図形問題について、 図形の種類、頂点、辺、角、長さ、単位などを 管理できること。,DATA,,DATA,no,図形の種類・頂点・辺・角・長さ・単位を構造化して保持するデータ要件
REQ-GEOMETRY-002,47,図形・作図,初期リリース必須,B,図形へ、 問題文で使用する記号や数値を表示できること。,FUNC,DATA,DATA,yes,図形上へ問題文で使用する記号・数値を表示する機能
REQ-GEOMETRY-003,47,図形・作図,初期リリース必須,B,作図問題について、 次を指定できること。 - 作図欄の大きさ - 基準となる図 - 図への書き込み可否 - 定規の要否 - コンパスの要否,DATA,RULE,DATA,no,作図欄・基準図・書込可否・定規・コンパス要否を作図問題の設定情報として保持する
REQ-GEOMETRY-004,47,図形・作図,初期リリース必須,B,作図問題を印刷したときに、 実際に作図できる十分な大きさと余白を確保すること。,QUAL,"FUNC,RULE",DATA,yes,印刷時に実際の作図へ十分な大きさと余白を確保する利用可能性要件
REQ-MAP-001,48,地図・年表,初期リリース必須,B,地図について、 少なくとも次を管理できること。 - 対象地域 - 地図の種類 - 表示レイヤー - 地名などの表示状態 - 書き込み可否 - 印刷サイズ,DATA,,DATA,no,地図の対象地域・種類・レイヤー・表示状態・印刷設定を保持するデータ要件
REQ-MAP-002,48,地図・年表,初期リリース必須,B,地図の表示要素として、 国境、河川、山地、都市、経路、歴史事象などを 必要に応じて組み合わせられること。,DATA,FUNC,DATA,no,国境・河川・都市・経路・歴史事象などを組み合わせ可能な地図要素として表現する
REQ-TIMELINE-001,48,地図・年表,初期リリース必須,B,年表について、 年代範囲と出来事を構造化して管理できること。,DATA,,DATA,no,年代範囲と出来事を構造化して保持する年表データ要件
REQ-TIMELINE-002,48,地図・年表,初期リリース必須,B,年表の出来事について、 少なくとも次を管理できること。 - 年または期間 - 表示名 - 地域 - 分類 - 表示順,DATA,,DATA,no,年・期間・表示名・地域・分類・表示順を出来事属性として保持する
REQ-TIMELINE-003,48,地図・年表,初期リリース必須,B,日本史と世界史など、 複数系列を年代軸に沿って並列表示できること。,FUNC,DATA,DATA,yes,日本史・世界史など複数系列を同一年代軸で並列表示する機能
REQ-TIMELINE-004,48,地図・年表,初期リリース必須,B,年表を、 画面表示と印刷出力の両方で利用できること。,FUNC,DATA,DATA,yes,同一年表データを画面表示と印刷出力の双方で利用する機能
REQ-COMPOSITE-001,49,長文・会話・面接カード,初期リリース必須,B,長文、Eメール、会話文、設問など、 複数要素からなる問題を 構造化して管理できること。,DATA,,DATA,no,個別監査対象および追加監査条件に該当しないため、自動主候補を採用
REQ-COMPOSITE-002,49,長文・会話・面接カード,初期リリース必須,B,英検などの面接カードについて、 少なくとも次を組み合わせて管理できること。 - タイトル - パッセージ - イラスト - 設問 - 回答メモ欄,DATA,,DATA,no,個別監査対象および追加監査条件に該当しないため、自動主候補を採用
REQ-COMPOSITE-003,49,長文・会話・面接カード,初期リリース後,B,面接カードへ、 試験官用スクリプトや評価基準を関連付けられること。,DATA,,DATA,no,個別監査対象および追加監査条件に該当しないため、自動主候補を採用
REQ-COMPOSITE-004,49,長文・会話・面接カード,将来候補,B,面接カードを、 音声入力とAI評価へ接続できること。,DATA,,DATA,no,個別監査対象および追加監査条件に該当しないため、自動主候補を採用
REQ-PRINT-001,50,印刷出力,初期リリース必須,G,同じ問題データから、 画面学習用と印刷用の両方を生成できること。,FUNC,DATA,FUNC,no,同一問題データから画面学習用と印刷用の両方を生成する機能
REQ-PRINT-002,50,印刷出力,初期リリース必須,G,問題ごとに、 印刷可能かどうかを設定できること。,DATA,"FUNC,RULE",FUNC,yes,問題ごとの印刷可否を設定情報として保持する
REQ-PRINT-003,50,印刷出力,初期リリース必須,G,印刷出力として、 少なくとも次を個別に生成できること。 - 問題用紙 - 解答用紙 - 解答一覧 - 解答・解説 - 採点表 - 再テスト用紙 - 弱点復習用紙,FUNC,DATA,FUNC,no,問題用紙・解答用紙・採点表・再テスト用紙などを個別に生成する機能
REQ-PRINT-004,50,印刷出力,初期リリース必須,G,複数の印刷物を、 1つの出力パックとしてまとめて生成できること。,FUNC,DATA,FUNC,no,複数の印刷物を一つの出力パックとしてまとめて生成する機能
REQ-PRINT-006,50,印刷出力,初期リリース必須,G,印刷時に、 対象範囲、問題数、問題順を指定できること。,FUNC,"DATA,RULE",FUNC,no,印刷対象範囲・問題数・問題順を指定する機能
REQ-PRINT-007,50,印刷出力,初期リリース必須,G,印刷物へ、 少なくとも次の基本情報を出力できること。 - タイトル - 対象範囲 - 氏名欄 - 日付欄 - 制限時間 - 問題数 - 注意事項,FUNC,DATA,FUNC,no,タイトル・範囲・氏名欄・日付欄・時間などを印刷物へ出力する機能
REQ-PRINT-008,50,印刷出力,初期リリース必須,G,問題番号を、 出力対象の並び順に応じて付け直せること。 内部IDを問題番号として使用しない。,FUNC,"RULE,DATA",FUNC,no,出力順に応じて問題番号を付け直し、内部IDを問題番号に使用しない機能
REQ-PAPER-001,51,問題用紙・解答用紙,初期リリース必須,G,問題用紙へ、 少なくとも次を出力できること。 - 問題番号 - 問題文 - 選択肢 - 図・表・グラフ - 解答欄 - 途中式欄 - 作図欄 - 注意事項,FUNC,,FUNC,no,個別監査対象および追加監査条件に該当しないため、自動主候補を採用
REQ-PAPER-002,51,問題用紙・解答用紙,初期リリース必須,G,解答用紙を、 問題用紙とは別の出力物として生成できること。,FUNC,,FUNC,no,個別監査対象および追加監査条件に該当しないため、自動主候補を採用
REQ-PAPER-003,51,問題用紙・解答用紙,初期リリース必須,G,解答用紙へ、 少なくとも次を出力できること。 - 問題番号 - 解答欄 - 記述欄 - 書き取り欄 - 作文欄 - 途中式欄 - 採点欄,FUNC,,FUNC,no,個別監査対象および追加監査条件に該当しないため、自動主候補を採用
REQ-PAPER-004,51,問題用紙・解答用紙,初期リリース必須,G,問題ごとに、 解答用紙を必要とするかを設定できること。,FUNC,,FUNC,no,個別監査対象および追加監査条件に該当しないため、自動主候補を採用
REQ-PAPER-005,51,問題用紙・解答用紙,初期リリース必須,G,記述式、作文、書き取り、作図などでは、 問題形式に適した広さと形の解答欄を生成すること。,FUNC,,FUNC,no,個別監査対象および追加監査条件に該当しないため、自動主候補を採用
REQ-SCORING-001,52,解答・解説・採点,初期リリース必須,G,解答一覧へ、 少なくとも次を出力できること。 - 問題番号 - 正答 - 別解 - 許容表記 - 配点 - 採点上の注意,FUNC,,FUNC,no,個別監査対象および追加監査条件に該当しないため、自動主候補を採用
REQ-SCORING-002,52,解答・解説・採点,初期リリース必須,G,解答・解説へ、 少なくとも次を出力できること。 - 正答 - 解き方または根拠 - 注意点 - よくある誤答 - 関連する学習内容 - 復習対象となる分類,FUNC,,FUNC,no,個別監査対象および追加監査条件に該当しないため、自動主候補を採用
REQ-SCORING-003,52,解答・解説・採点,初期リリース必須,G,採点表へ、 少なくとも次を記録できること。 - 正誤 - 得点 - やり直し対象 - 再テスト対象 - コメント,FUNC,,FUNC,no,個別監査対象および追加監査条件に該当しないため、自動主候補を採用
REQ-SCORING-004,52,解答・解説・採点,初期リリース後,F,印刷した問題の採点結果を、 アプリの回答履歴または弱点管理へ登録できること。,FUNC,,FUNC,no,個別監査対象および追加監査条件に該当しないため、自動主候補を採用
REQ-SCORING-005,52,解答・解説・採点,初期リリース必須,F,自力で解けた、ヒントを見た、再確認が必要など、 正誤以外の自己評価を記録できること。,FUNC,,FUNC,no,個別監査対象および追加監査条件に該当しないため、自動主候補を採用
REQ-SPACE-001,53,余白・記入欄,初期リリース必須,G,問題ごとに、 次の記入スペースの要否と大きさを設定できること。 - 解答欄 - 途中式欄 - 条件整理欄 - 記述欄 - 作文欄 - 作図欄 - メモ欄,FUNC,,FUNC,no,個別監査対象および追加監査条件に該当しないため、自動主候補を採用
REQ-SPACE-002,53,余白・記入欄,初期リリース必須,G,記入欄について、 少なくとも次の形式を扱えること。 - 横線 - 空白 - 方眼 - グラフ用紙 - 原稿用紙 - 漢字練習升目,FUNC,,FUNC,no,個別監査対象および追加監査条件に該当しないため、自動主候補を採用
REQ-SPACE-003,53,余白・記入欄,初期リリース必須,G,作文欄について、 言語、行数、語数目安、 語数記入欄、確認項目を設定できること。,FUNC,,FUNC,no,個別監査対象および追加監査条件に該当しないため、自動主候補を採用
REQ-SPACE-004,53,余白・記入欄,初期リリース必須,G,漢字書き取り欄について、 升目数、送り仮名表示、読み表示、 書き直し欄を設定できること。,FUNC,,FUNC,no,個別監査対象および追加監査条件に該当しないため、自動主候補を採用
REQ-SPACE-005,53,余白・記入欄,初期リリース必須,G,記述量や作業量に応じて、 問題ごとに必要な印刷スペースを変えられること。,FUNC,,FUNC,no,個別監査対象および追加監査条件に該当しないため、自動主候補を採用
REQ-LAYOUT-001,54,印刷レイアウト,初期リリース必須,G,少なくとも次の問題レイアウトを扱えること。 - 短答 - 選択 - 計算 - 文章題 - 書き取り - 作文 - 作図 - 表・グラフ - 面接カード,FUNC,,FUNC,no,個別監査対象および追加監査条件に該当しないため、自動主候補を採用
REQ-LAYOUT-002,54,印刷レイアウト,初期リリース必須,G,印刷時に、 問題や図表がページをまたぐかどうかを制御できること。,FUNC,,FUNC,no,個別監査対象および追加監査条件に該当しないため、自動主候補を採用
REQ-LAYOUT-003,54,印刷レイアウト,初期リリース必須,G,必要に応じて、 問題の前で改ページできること。,FUNC,,FUNC,no,個別監査対象および追加監査条件に該当しないため、自動主候補を採用
REQ-LAYOUT-004,54,印刷レイアウト,初期リリース必須,G,白黒印刷でも、 図表、選択肢、重要な区別を理解できること。,FUNC,,FUNC,no,個別監査対象および追加監査条件に該当しないため、自動主候補を採用
REQ-LAYOUT-005,54,印刷レイアウト,初期リリース必須,G,A4用紙を基本として、 問題数と記入欄に応じた読みやすいレイアウトを生成すること。,FUNC,,FUNC,no,個別監査対象および追加監査条件に該当しないため、自動主候補を採用
REQ-LAYOUT-006,54,印刷レイアウト,初期リリース後,G,用途に応じて、 用紙サイズ、縦横方向、余白を変更できること。,FUNC,,FUNC,no,個別監査対象および追加監査条件に該当しないため、自動主候補を採用
REQ-FILE-001,55,出力形式・ファイル管理,初期リリース必須,G,印刷可能なPDFを生成できること。,FUNC,,FUNC,no,個別監査対象および追加監査条件に該当しないため、自動主候補を採用
REQ-FILE-002,55,出力形式・ファイル管理,初期リリース後,G,編集可能な中間形式として、 Markdownなどのテキスト形式を出力できること。,FUNC,,FUNC,no,個別監査対象および追加監査条件に該当しないため、自動主候補を採用
REQ-FILE-003,55,出力形式・ファイル管理,初期リリース必須,G,問題用紙と解答・解説を、 別ファイルとして生成できること。,FUNC,,FUNC,no,個別監査対象および追加監査条件に該当しないため、自動主候補を採用
REQ-FILE-004,55,出力形式・ファイル管理,初期リリース必須,G,出力ファイル名に、 内容を識別できる名称と出力日を含められること。,FUNC,,FUNC,no,個別監査対象および追加監査条件に該当しないため、自動主候補を採用
REQ-FILE-005,55,出力形式・ファイル管理,初期リリース必須,G,生成した印刷物について、 元となった教材、問題集、問題、 出力条件を追跡できること。,FUNC,,FUNC,no,個別監査対象および追加監査条件に該当しないため、自動主候補を採用
REQ-FILE-006,55,出力形式・ファイル管理,初期リリース後,G,同じ出力条件から、 印刷物を再生成できること。,FUNC,,FUNC,no,個別監査対象および追加監査条件に該当しないため、自動主候補を採用
REQ-COPYRIGHT-001,56,著作権・出典・公開制御,初期リリース必須,C,問題、本文、画像、図表、音声などについて、 出典と権利状態を管理できること。,DATA,OPS,OPS,yes,問題・本文・アセットの出典と権利状態を保持するデータ要件
REQ-COPYRIGHT-002,56,著作権・出典・公開制御,初期リリース必須,C,少なくとも次の権利状態を区別できること。 - 自作 - 公式資料 - 教科書 - ワーク - 市販問題集 - パブリックドメイン - 利用許諾済み - 不明,DATA,RULE,OPS,yes,資料ごとの権利状態区分を保持するデータ要件
REQ-COPYRIGHT-003,56,著作権・出典・公開制御,初期リリース必須,C,資料ごとに、 公開可能、非公開、家庭内限定などの 利用範囲を設定できること。,DATA,"RULE,OPS",OPS,yes,資料ごとの公開・非公開・家庭内限定などの利用範囲を保持する
REQ-COPYRIGHT-004,56,著作権・出典・公開制御,初期リリース必須,H,公開不可または家庭内限定の資料を、 公開領域へ出力または同期しないこと。,RULE,"QUAL,DATA",OPS,yes,公開不可・家庭内限定資料を公開領域へ出力・同期しない利用制御規則
REQ-COPYRIGHT-005,56,著作権・出典・公開制御,初期リリース必須,C,公開不可の原本を参照して作成した自作問題について、 元資料の出典を記録できること。,DATA,OPS,OPS,yes,非公開原本を参照した自作問題にも元資料の出典を記録する
REQ-COPYRIGHT-006,56,著作権・出典・公開制御,初期リリース必須,C,印刷物を生成する前に、 含まれる資料の利用範囲に問題がないか検証できること。,FUNC,"OPS,RULE",OPS,yes,印刷生成前に含有資料の利用範囲を検証する機能
REQ-COPYRIGHT-007,56,著作権・出典・公開制御,初期リリース必須,C,権利状態が不明な資料は、 公開可能な資料として扱わないこと。,RULE,"OPS,DATA",OPS,yes,権利状態不明の資料を公開可能として扱わない利用規則
REQ-CATALOG-001,58,学習内容カタログ,初期リリース必須,A,学校教科および検定について、 学習内容と出題範囲を体系的に整理した 学習内容カタログを管理すること。,DATA,OPS,DATA,no,学校教科・検定の学習内容と出題範囲を体系化したカタログを保持するデータ要件
REQ-CATALOG-002,58,学習内容カタログ,初期リリース必須,A,学習内容カタログを、 問題データとは独立した学習内容の正本として扱うこと。,RULE,DATA,DATA,yes,学習内容カタログを問題データから独立した学習内容の正本として扱う原則
REQ-CATALOG-003,58,学習内容カタログ,初期リリース必須,A,学校教科カタログを、 少なくとも教科、学年、単元、学習項目の階層で管理できること。,DATA,,DATA,no,学校教科カタログを教科・学年・単元・学習項目の階層で保持する
REQ-CATALOG-004,58,学習内容カタログ,初期リリース必須,A,検定カタログを、 少なくとも検定種別、級、試験区分、分野、 出題形式、学習項目の階層で管理できること。,DATA,,DATA,no,検定カタログを検定種別・級・試験区分・分野・形式・学習項目の階層で保持する
REQ-CATALOG-005,58,学習内容カタログ,初期リリース必須,A,学校教科と検定で異なる分類構造を保持しながら、 共通の参照・検索・進捗集計方式で扱えること。,QUAL,"DATA,FUNC,RULE",DATA,yes,異なる分類構造を保持しつつ共通の参照・検索・進捗集計方式で扱える汎用性要件
REQ-CATALOG-006,58,学習内容カタログ,初期リリース必須,A,カタログ項目について、 少なくとも次を管理できること。 - 表示名 - 説明 - 親項目 - 表示順 - 対象教科または検定 - 学年または級 - 有効状態,DATA,,DATA,no,表示名・説明・親項目・表示順・対象・学年級・有効状態をカタログ属性として保持する
REQ-CATALOG-007,58,学習内容カタログ,初期リリース必須,A,カタログ項目の内部IDと、 利用者向け表示名を分離すること。,RULE,DATA,DATA,yes,カタログ項目の内部IDと利用者向け表示名を分離する規則
REQ-CATALOG-008,58,学習内容カタログ,初期リリース必須,A,カタログ項目の階層や表示順を、 内部IDの文字列から推測しないこと。,RULE,DATA,DATA,yes,階層・表示順を内部IDの文字列から推測しない設計規則
REQ-CATALOG-009,58,学習内容カタログ,初期リリース必須,A,カタログ項目の統合、分割、名称変更、廃止について、 既存問題や学習履歴との参照関係を維持できること。,QUAL,"DATA,FUNC,OPS",DATA,yes,項目の統合・分割・名称変更・廃止時にも既存問題・履歴との参照を維持する整合性要件
REQ-CATALOG-010,58,学習内容カタログ,初期リリース後,A,学校教科および検定の範囲改訂に合わせて、 カタログの版を管理できること。,DATA,OPS,DATA,no,教科・検定範囲の改訂に対応するカタログ版を保持するデータ要件
REQ-CATALOG-REF-001,59,問題と学習内容の対応,初期リリース必須,A,各問題を、 1つ以上のカタログ項目へ関連付けられること。,DATA,RULE,DATA,no,各問題と1つ以上のカタログ項目との関連を保持するデータ要件
REQ-CATALOG-REF-002,59,問題と学習内容の対応,初期リリース必須,A,1つの問題を、 複数の学校教科・検定・学習項目へ 関連付けられること。 例: - 学校数学と数検 - 学校英語と英検 - 学校国語と漢検,DATA,,DATA,no,同一問題を複数の学校教科・検定・学習項目へ関連付けるデータ要件
REQ-CATALOG-REF-003,59,問題と学習内容の対応,初期リリース必須,A,1つのカタログ項目へ、 複数の問題を関連付けられること。,DATA,,DATA,no,一つのカタログ項目へ複数問題を関連付けるデータ要件
REQ-CATALOG-REF-004,59,問題と学習内容の対応,初期リリース必須,A,問題とカタログ項目の関係について、 必要に応じて対応の役割を区別できること。 役割例: - 主たる学習対象 - 補助的な学習対象 - 前提知識 - 関連知識 - 応用先,DATA,RULE,DATA,no,問題とカタログ項目の関係へ主対象・前提・関連・応用先などの役割を保持する
REQ-CATALOG-REF-005,59,問題と学習内容の対応,初期リリース必須,A,問題が参照するカタログ項目は、 登録済みかつ有効な項目であること。,RULE,"DATA,QUAL",DATA,yes,問題が参照できる対象を登録済みかつ有効なカタログ項目に限定する参照規則
REQ-CATALOG-REF-006,59,問題と学習内容の対応,初期リリース必須,A,問題登録・更新時に、 存在しないカタログ項目への参照を 自動的に検出すること。,FUNC,"DATA,QUAL",DATA,yes,問題登録・更新時に存在しないカタログ項目への参照を検出する機能
REQ-CATALOG-REF-007,59,問題と学習内容の対応,初期リリース必須,A,カタログ項目を廃止または置き換える際に、 影響を受ける問題、問題集、進捗集計を 事前に確認できること。,FUNC,"DATA,OPS",DATA,yes,カタログ項目の廃止・置換前に影響する問題・問題集・進捗集計を確認する機能
REQ-TARGET-001,60,習得対象,初期リリース必須,A,問題について、 その問題で身につける具体的な習得対象を 複数設定できること。 習得対象例: - 漢字 - 英単語 - 文法事項 - 数学の概念 - 計算方法 - 公式 - 理科用語 - 歴史上の出来事,DATA,,DATA,no,問題ごとに複数の具体的習得対象を設定するデータ要件
REQ-TARGET-002,60,習得対象,初期リリース必須,A,習得対象を、 問題IDや自由記述タグだけに依存せず、 再利用可能な管理対象として識別できること。,DATA,"QUAL,RULE",DATA,no,習得対象を問題IDや自由タグに依存しない再利用可能な管理対象として識別する
REQ-TARGET-003,60,習得対象,初期リリース必須,A,1つの問題へ複数の習得対象を関連付け、 1つの習得対象を複数の問題から学習できること。,DATA,RULE,DATA,no,問題と習得対象の多対多関係を表現するデータ要件
REQ-TARGET-004,60,習得対象,初期リリース必須,A,習得対象ごとに、 関連問題、回答履歴、現在の定着状態を 横断して確認できること。,FUNC,DATA,DATA,yes,習得対象ごとに関連問題・回答履歴・定着状態を横断確認する機能
REQ-TARGET-005,60,習得対象,初期リリース後,A,習得対象ごとに、 出題形式別の定着状態を確認できること。 例: - 漢字の読みと書き - 英単語の意味と綴り - 公式の再生と適用 - 用語の理解と説明,FUNC,DATA,DATA,yes,習得対象ごとの定着状態を出題形式別に確認する機能
REQ-TARGET-006,60,習得対象,初期リリース必須,A,カタログ項目、知識分類、技能分類、習得対象の役割を分離し、 同じ概念を重複して管理しないためのルールを定義すること。 具体的なデータモデルは統合要件定義後に確定する。,RULE,DATA,DATA,yes,カタログ・知識・技能・習得対象の役割を分離し、同一概念の重複管理を防ぐ規則
REQ-COVERAGE-001,61,網羅状況・不足問題,初期リリース必須,A,カタログ項目ごとに、 関連付けられた問題の有無と問題数を確認できること。,FUNC,DATA,RULE,yes,カタログ項目別の関連問題有無と件数を確認する機能
REQ-COVERAGE-002,61,網羅状況・不足問題,初期リリース必須,A,カタログ範囲に対して、 問題が登録されていない学習項目を特定できること。,FUNC,DATA,RULE,yes,問題未登録の学習項目を特定する機能
REQ-COVERAGE-003,61,網羅状況・不足問題,初期リリース必須,A,学習項目ごとに、 問題形式、難易度、知識、技能などの偏りを確認できること。,FUNC,DATA,RULE,yes,問題形式・難易度・知識・技能の偏りを確認する機能
REQ-COVERAGE-004,61,網羅状況・不足問題,初期リリース必須,A,定期テスト範囲または検定範囲について、 対象カタログ項目の網羅状況を確認できること。,FUNC,DATA,RULE,yes,試験範囲に対するカタログ項目の網羅状況を確認する機能
REQ-COVERAGE-005,61,網羅状況・不足問題,初期リリース後,A,カタログ項目ごとに、 必要問題数や必要問題形式の目標を設定し、 充足状況を確認できること。,FUNC,"DATA,RULE",RULE,yes,必要問題数・形式の目標を設定して充足状況を確認する機能
REQ-COVERAGE-006,61,網羅状況・不足問題,初期リリース後,A,下位学年・下位級から上位学年・上位級への 接続関係と未習得項目を確認できること。,FUNC,DATA,RULE,yes,学年間・級間の接続と未習得項目を確認する機能
REQ-CATALOG-PROGRESS-001,62,カタログ単位の進捗,初期リリース必須,F,回答イベントと問題のカタログ参照を用いて、 カタログ項目ごとの学習実績を集計できること。,FUNC,DATA,DATA,yes,回答イベントからカタログ項目別実績を集計する機能
REQ-CATALOG-PROGRESS-002,62,カタログ単位の進捗,初期リリース必須,F,カタログ項目ごとに、 少なくとも次を確認できること。 - 関連問題数 - 回答済み問題数 - 未回答問題数 - 正解・不正解・パスの実績 - 現在の定着状況 - 復習が必要な問題数,FUNC,DATA,DATA,yes,カタログ項目別の問題数・回答実績・定着状況を確認可能にする機能
REQ-CATALOG-PROGRESS-003,62,カタログ単位の進捗,初期リリース必須,F,親項目の進捗を、 子項目および関連問題の状態から集計できること。,FUNC,"DATA,RULE",DATA,yes,子項目と関連問題から親項目の進捗を集計する機能
REQ-CATALOG-PROGRESS-004,62,カタログ単位の進捗,初期リリース必須,F,教材や目的別問題集の達成状況と、 カタログ項目の定着状況を区別すること。,RULE,DATA,DATA,yes,問題集の達成状況と学習内容の定着状況を混同しない評価原則
REQ-CATALOG-PROGRESS-005,62,カタログ単位の進捗,初期リリース後,F,学校教科と検定で重なる学習内容について、 双方のカタログから同じ学習実績を確認できること。,FUNC,DATA,DATA,yes,重複する学習内容の実績を複数カタログから確認可能にする機能
REQ-CATALOG-PROGRESS-006,62,カタログ単位の進捗,初期リリース後,F,カタログ項目ごとの進捗から、 先取り、復習、検定対策の候補を提示できること。,FUNC,RULE,DATA,yes,カタログ進捗から次の学習候補を導出・提示する機能
REQ-ENGINE-001,63,汎用学習エンジン,初期リリース必須,E,問題表示、回答表示、判定、履歴保存、 定着管理などの学習処理を、 特定の教科や検定に依存しない共通機能として提供すること。,FUNC,"RULE,QUAL",FUNC,no,表示・判定・履歴・定着管理を教科や検定に依存しない共通学習機能として提供する
REQ-ENGINE-002,63,汎用学習エンジン,初期リリース必須,E,教科、検定、問題形式、習得対象などの固有情報は、 問題データと関連する管理データで表現すること。,RULE,DATA,FUNC,yes,教科・検定・問題形式・習得対象の固有情報を問題データと管理データで表現する規則
REQ-ENGINE-003,63,汎用学習エンジン,初期リリース必須,E,学習エンジンが、 教科名、検定名、問題IDの接頭辞などを 条件分岐として使用しないこと。,RULE,"QUAL,FUNC",FUNC,yes,教科名・検定名・ID接頭辞を学習エンジンの条件分岐へ使用しない規則
REQ-ENGINE-004,63,汎用学習エンジン,初期リリース必須,E,新しい教科、検定、問題形式を追加するときに、 既存の共通学習処理を大幅に変更せず対応できること。,QUAL,"FUNC,RULE",FUNC,yes,新教科・検定・問題形式追加時にも共通学習処理の大幅変更を不要にする拡張性要件
REQ-ENGINE-005,63,汎用学習エンジン,初期リリース必須,E,問題形式固有の表示・採点処理が必要な場合も、 共通処理と拡張処理の境界を明確にすること。,RULE,"FUNC,QUAL",FUNC,yes,問題形式固有処理と共通学習処理の責務境界を明確にする設計規則
REQ-BACKUP-001,65,バックアップ対象,初期リリース必須,H,システムが管理するデータを、 復元可能なバックアップとして出力できること。,FUNC,"DATA,QUAL",DATA,yes,管理データを復元可能なバックアップとして出力する機能
REQ-BACKUP-002,65,バックアップ対象,初期リリース必須,H,バックアップ対象として、 少なくとも次を含められること。 - 教材 - 問題 - 学習内容カタログ - 習得対象 - 目的別問題集 - 学習セッション - 回答イベント - 周回状態 - 定着状態 - 利用者設定 - 表示アセットの管理情報,DATA,SCOPE,DATA,no,バックアップへ含める対象データの範囲を定義する
REQ-BACKUP-003,65,バックアップ対象,初期リリース必須,H,回答イベントなどの学習事実と、 定着状態や集計値などの派生データを バックアップ内で区別できること。,RULE,DATA,DATA,yes,学習事実と派生データをバックアップ内で区別する規則
REQ-BACKUP-004,65,バックアップ対象,初期リリース必須,H,バックアップ対象を、 完全バックアップと選択バックアップに分けられること。,RULE,"DATA,FUNC",DATA,yes,完全バックアップと選択バックアップを別方式として扱う規則
REQ-BACKUP-005,65,バックアップ対象,初期リリース必須,H,選択バックアップでは、 対象となるデータと、 参照整合性を維持するために必要な関連データを 同時に含めること。,RULE,"DATA,QUAL",DATA,yes,選択バックアップ時にも参照整合性に必要な関連データを含める規則
REQ-BACKUP-006,65,バックアップ対象,初期リリース必須,H,バックアップへ、 少なくとも次の管理情報を含めること。 - バックアップ形式のバージョン - 作成日時 - 作成元システムの版 - 対象範囲 - データ件数 - 利用者または学習者の識別情報 - 完全バックアップか選択バックアップか,DATA,,DATA,no,バックアップ形式版・作成日時・対象範囲・件数などの管理情報を保持する
REQ-BACKUP-007,65,バックアップ対象,初期リリース必須,H,バックアップファイルに、 教材原本や著作権上再配布できないファイルを 無条件に含めないこと。,RULE,"OPS,DATA",DATA,yes,原本や再配布不能ファイルを無条件にバックアップへ含めない権利保護規則
REQ-BACKUP-008,65,バックアップ対象,初期リリース必須,H,バックアップ対象外のアセットがある場合、 参照情報、欠落理由、再配置方法を確認できること。,FUNC,"DATA,OPS",DATA,yes,対象外アセットの参照情報・欠落理由・再配置方法を確認する機能
REQ-BACKUP-FORMAT-001,66,バックアップ形式,初期リリース必須,H,バックアップ形式を、 明示的な形式バージョンで管理すること。,DATA,RULE,DATA,no,バックアップ形式を明示的な形式バージョンで管理する
REQ-BACKUP-FORMAT-002,66,バックアップ形式,初期リリース必須,H,同じ形式バージョンのバックアップについて、 保存と復元の対応関係を検証できること。,FUNC,"DATA,QUAL",DATA,yes,同一形式バージョンでの保存・復元対応を検証する機能
REQ-BACKUP-FORMAT-003,66,バックアップ形式,初期リリース必須,H,バックアップに含まれる各データを、 内部IDと参照関係を維持した状態で保存すること。,DATA,QUAL,DATA,no,内部IDと参照関係を維持した状態でバックアップデータを保存する
REQ-BACKUP-FORMAT-004,66,バックアップ形式,初期リリース必須,H,バックアップファイルの破損や改変を 検出できる情報を持たせること。 具体的な方式は技術選定時に決定する。,FUNC,"DATA,QUAL",DATA,yes,バックアップの破損・改変を検出可能にする機能
REQ-BACKUP-FORMAT-005,66,バックアップ形式,初期リリース必須,H,バックアップ形式の仕様を文書化し、 形式変更時には変更内容と互換性を記録すること。,OPS,"DATA,RULE",DATA,yes,形式仕様を文書化し、変更内容・互換性を記録するバックアップ運用
REQ-BACKUP-FORMAT-006,66,バックアップ形式,初期リリース後,H,バックアップ内のデータを、 人間が調査可能な形式でも確認できること。,FUNC,DATA,DATA,yes,バックアップ内容を人間が調査可能な形式で確認する機能
REQ-BACKUP-FORMAT-007,66,バックアップ形式,初期リリース必須,H,バックアップ形式を、 特定のブラウザ保存機構や 特定のデータベース製品へ依存させないこと。,QUAL,RULE,DATA,yes,バックアップ形式を特定ブラウザ保存機構や特定DB製品へ依存させない移植性要件
REQ-RESTORE-001,67,復元,初期リリース必須,H,対応するバックアップから、 管理対象データを復元できること。,FUNC,DATA,FUNC,no,対応するバックアップから管理対象データを復元する機能
REQ-RESTORE-002,67,復元,初期リリース必須,H,復元前に、 少なくとも次を検証すること。 - バックアップ形式の対応可否 - 必須データの有無 - データ破損の有無 - 参照整合性 - 権利状態 - 対象利用者 - 復元による影響範囲,FUNC,"DATA,QUAL,OPS",FUNC,no,復元前に形式・必須データ・破損・参照・権利・利用者・影響範囲を検証する機能
REQ-RESTORE-003,67,復元,初期リリース必須,H,復元を実行する前に、 追加、更新、置換、削除されるデータの概要を 利用者へ表示すること。,FUNC,"DATA,OPS",FUNC,no,復元前に追加・更新・置換・削除対象の概要を利用者へ表示する機能
REQ-RESTORE-004,67,復元,初期リリース必須,H,復元方法として、 少なくとも次を区別できること。 - 現在データを置き換える復元 - 現在データへ追加・統合する復元,RULE,"FUNC,DATA",FUNC,yes,現在データの置換復元と追加・統合復元を区別する復元規則
REQ-RESTORE-005,67,復元,初期リリース必須,H,追加・統合復元でIDや内容が競合した場合、 自動的に上書きせず、 競合内容と選択肢を提示すること。,RULE,"FUNC,DATA,QUAL",FUNC,yes,追加・統合時の競合を自動上書きせず内容と選択肢を提示する規則
REQ-RESTORE-006,67,復元,初期リリース必須,H,復元処理の途中で失敗した場合、 一部だけが反映された不整合状態を残さないこと。,QUAL,"FUNC,DATA",FUNC,yes,復元途中の失敗時に一部反映された不整合状態を残さない原子性要件
REQ-RESTORE-007,67,復元,初期リリース必須,H,復元後に、 参照整合性と件数を再検証すること。,FUNC,"DATA,QUAL",FUNC,no,復元後に参照整合性とデータ件数を再検証する機能
REQ-RESTORE-008,67,復元,初期リリース必須,H,復元後に、 回答イベントから再計算可能な定着状態や集計値を 必要に応じて再構築すること。,FUNC,"DATA,RULE",FUNC,no,復元後に回答イベントから定着状態・集計値を必要に応じて再構築する機能
REQ-RESTORE-009,67,復元,初期リリース必須,H,復元結果について、 成功、警告、失敗、除外したデータを 確認できること。,FUNC,"DATA,OPS",FUNC,no,復元の成功・警告・失敗・除外データを確認する機能
REQ-RESTORE-010,67,復元,初期リリース必須,H,影響の大きい置換復元では、 実行前に現在データのバックアップを 作成するよう促すこと。,RULE,"FUNC,OPS,QUAL",FUNC,yes,影響の大きい置換復元前に現在データのバックアップ作成を促す安全規則
REQ-INTEGRITY-001,68,データ整合性確認,初期リリース必須,H,管理データ全体について、 参照整合性を検査できること。,FUNC,QUAL,QUAL,yes,管理データ全体の参照整合性を検査する機能
REQ-INTEGRITY-002,68,データ整合性確認,初期リリース必須,H,少なくとも次の不整合を検出できること。 - 存在しない問題への参照 - 存在しない教材への参照 - 存在しない目的別問題集への参照 - 存在しないカタログ項目への参照 - 存在しない習得対象への参照 - 存在しないアセットへの参照 - 重複した一意ID - 必須項目の欠落 - 無効な状態値 - 許可されていない公開状態,FUNC,"DATA,QUAL",QUAL,yes,参照切れ・重複ID・必須項目欠落などを検出する整合性検査機能
REQ-INTEGRITY-003,68,データ整合性確認,初期リリース必須,H,回答イベントと学習セッションの関係、 周回状態と対象問題の関係を検証できること。,FUNC,"DATA,QUAL",QUAL,yes,学習セッション・回答イベント・周回状態間の関連を検証する機能
REQ-INTEGRITY-004,68,データ整合性確認,初期リリース必須,H,定着状態や集計値について、 元となる回答イベントとの不整合を検出できること。,FUNC,"DATA,QUAL",QUAL,yes,派生状態・集計値と回答イベントの不整合を検出する機能
REQ-INTEGRITY-005,68,データ整合性確認,初期リリース必須,H,不整合検査結果について、 対象、原因、重大度、推奨対応を表示すること。,FUNC,OPS,QUAL,yes,整合性検査結果と推奨対応を表示する機能
REQ-INTEGRITY-006,68,データ整合性確認,初期リリース必須,H,自動修復可能な不整合と、 管理者の判断が必要な不整合を区別すること。,RULE,"OPS,FUNC",QUAL,yes,自動修復可能な不整合と管理者判断が必要な不整合を区別する規則
REQ-INTEGRITY-007,68,データ整合性確認,初期リリース必須,H,自動修復を行う場合も、 修復前の状態と修復内容を記録すること。,DATA,"OPS,QUAL",QUAL,yes,自動修復前の状態と修復内容を監査可能な履歴として記録する
REQ-INTEGRITY-008,68,データ整合性確認,初期リリース後,H,定期的またはバックアップ前後に、 整合性検査を自動実行できること。,FUNC,"OPS,QUAL",QUAL,yes,定期実行またはバックアップ前後に整合性検査を自動実行する機能
REQ-MIGRATION-001,69,データ移行,初期リリース必須,H,完成版のデータ形式を変更する場合、 移行元、移行先、変換規則を定義した データ移行手段を用意すること。,FUNC,"DATA,RULE",FUNC,no,移行元・移行先・変換規則に基づくデータ移行手段を提供する機能
REQ-MIGRATION-002,69,データ移行,初期リリース必須,H,データ移行を実行する前に、 対象件数、変換内容、変換不能データを 確認できること。,FUNC,"OPS,DATA",FUNC,no,移行前に対象件数・変換内容・変換不能データを確認する機能
REQ-MIGRATION-003,69,データ移行,初期リリース必須,H,データ移行処理を、 同じ入力へ複数回実行しても 重複や破損を生じないようにすること。,QUAL,"FUNC,RULE",FUNC,yes,同一入力への再実行で重複や破損を生じさせない移行処理の冪等性要件
REQ-MIGRATION-004,69,データ移行,初期リリース必須,H,変換不能または判断不能なデータを、 黙って破棄しないこと。,QUAL,"RULE,OPS",FUNC,yes,変換不能・判断不能データを黙って破棄しないデータ保護要件
REQ-MIGRATION-005,69,データ移行,初期リリース必須,H,移行結果について、 成功件数、警告件数、失敗件数、 除外件数を確認できること。,FUNC,"OPS,DATA",FUNC,no,移行結果の成功・警告・失敗・除外件数を確認する機能
REQ-MIGRATION-006,69,データ移行,初期リリース必須,H,移行後に、 必須項目、参照整合性、件数、 回答イベントと派生状態を検証すること。,FUNC,"DATA,QUAL",FUNC,no,移行後データの必須項目・参照整合性・件数・派生状態を検証する機能
REQ-MIGRATION-007,69,データ移行,初期リリース必須,H,移行前のデータを、 移行完了と検証終了まで保持すること。,OPS,"DATA,QUAL",FUNC,yes,移行完了と検証終了まで移行前データを保持する移行運用要件
REQ-MIGRATION-008,69,データ移行,初期リリース後,H,完成版の正式リリース後に必要となった 旧完成版データの移行手順を、 形式バージョンごとに管理できること。,OPS,"DATA,RULE",FUNC,yes,正式リリース後の移行手順を形式バージョン別に管理する運用要件
REQ-MIGRATION-009,69,データ移行,対象外,H,旧試作v0.6以前のブラウザ内データや、 旧バックアップversion 1～6を 完成版へ自動移行すること。 必要になった場合のみ、 別作業として変換手段を検討する。,SCOPE,OPS,SCOPE,no,旧試作データと旧バックアップ形式の自動移行を対象外とする範囲制約
REQ-SYNC-001,70,複数端末・同期,初期リリース必須,H,学習履歴と進捗を、 特定の1端末や1ブラウザだけに依存せず 利用できること。,QUAL,FUNC,QUAL,no,学習履歴・進捗を特定端末やブラウザへ依存させない可用性要件
REQ-SYNC-002,70,複数端末・同期,初期リリース必須,H,同じ学習者が複数端末から利用しても、 回答イベントと進捗を一貫して参照できること。,QUAL,DATA,QUAL,no,複数端末間で回答イベントと進捗を一貫して参照可能にする整合性要件
REQ-SYNC-003,70,複数端末・同期,初期リリース必須,H,複数端末から同時または近接して更新された場合に、 回答イベントを失わないこと。,QUAL,"DATA,RULE",QUAL,no,複数端末からの近接更新でも回答イベントを失わない信頼性要件
REQ-SYNC-004,70,複数端末・同期,初期リリース必須,H,周回状態や学習セッションの競合について、 古い更新が新しい状態を上書きしないこと。,QUAL,"RULE,DATA",QUAL,no,古い同期更新が新しい周回状態やセッションを上書きしない競合安全性要件
REQ-SYNC-005,70,複数端末・同期,初期リリース必須,H,一時的に通信できない状態が発生しても、 学習中の回答を失わないこと。 具体的なオフライン対応範囲は技術選定時に決定する。,QUAL,DATA,QUAL,no,一時的な通信断でも学習中の回答を失わない耐障害性要件
REQ-SYNC-006,70,複数端末・同期,初期リリース必須,H,通信回復後に、 重複回答イベントを作らず同期できること。,QUAL,"FUNC,RULE",QUAL,no,通信回復後に重複イベントを作らず同期可能にする冪等性要件
REQ-SYNC-007,70,複数端末・同期,初期リリース必須,H,同期に失敗または保留中のデータがある場合、 利用者または管理者が状態を確認できること。,FUNC,"OPS,QUAL",QUAL,yes,同期失敗・保留データの状態を利用者または管理者が確認する機能
REQ-SYNC-008,70,複数端末・同期,初期リリース必須,H,複数利用者の学習履歴や設定を 互いに混在させないこと。,QUAL,"DATA,RULE",QUAL,no,複数利用者の履歴・設定を混在させない分離性要件
REQ-PORTABILITY-001,71,データ保護・可搬性,初期リリース必須,H,利用者が、 自身が管理する学習データを システム外へ持ち出せること。,FUNC,"DATA,QUAL",QUAL,yes,利用者自身が管理する学習データをシステム外へ持ち出す機能
REQ-PORTABILITY-002,71,データ保護・可搬性,初期リリース必須,H,特定のホスティングサービス、 クラウド事業者、ブラウザ、 端末に依存せずデータを復元できる形式を持つこと。,QUAL,"FUNC,DATA",QUAL,no,特定サービス・クラウド・ブラウザ・端末に依存せず復元可能にする可搬性要件
REQ-PORTABILITY-003,71,データ保護・可搬性,初期リリース必須,H,データ削除前に、 必要に応じて持ち出し用バックアップを 作成できること。,FUNC,"OPS,DATA",QUAL,yes,データ削除前に必要に応じて持ち出し用バックアップを作成する機能
REQ-PORTABILITY-004,71,データ保護・可搬性,初期リリース必須,H,バックアップや持ち出しデータに 個人情報または非公開教材が含まれる場合、 その旨を利用者へ明示すること。,FUNC,"RULE,QUAL",QUAL,yes,持ち出しデータに個人情報・非公開教材が含まれることを利用者へ明示する機能
REQ-PORTABILITY-005,71,データ保護・可搬性,初期リリース必須,H,バックアップファイルや持ち出しデータを、 第三者が不用意に利用できないよう 保護する手段を提供すること。 具体的な暗号化・認証方式は技術選定時に決定する。,QUAL,"FUNC,RULE",QUAL,no,バックアップや持ち出しデータを第三者の不用意な利用から保護する安全性要件
REQ-LEARNING-STATE-001,73,学習量・復習必要性・定着状態の分離,初期リリース必須,F,問題ごとの学習状態について、 少なくとも次の概念を分離して管理すること。 - 取り組んだ量または着手状況 - 復習の必要性 - 長期的な定着状態,DATA,RULE,DATA,no,着手状況・復習必要性・長期定着状態を別概念として保持するデータ要件
REQ-LEARNING-STATE-002,73,学習量・復習必要性・定着状態の分離,初期リリース必須,F,問題に1回以上取り組んだ場合、 正誤にかかわらず未着手状態ではなくなったことを 進捗として表現できること。,RULE,DATA,DATA,yes,1回以上の取り組みを正誤にかかわらず未着手ではない進捗として扱う規則
REQ-LEARNING-STATE-003,73,学習量・復習必要性・定着状態の分離,初期リリース必須,F,誤答またはパスした場合でも、 取り組んだという学習実績を失わないこと。,QUAL,"DATA,RULE",DATA,yes,誤答・パス時にも取り組み実績を失わない学習記録の保全要件
REQ-LEARNING-STATE-004,73,学習量・復習必要性・定着状態の分離,初期リリース必須,F,取り組み済みであることと、 定着済みであることを区別すること。,RULE,DATA,DATA,yes,取り組み済みと定着済みを混同しない評価規則
REQ-LEARNING-STATE-005,73,学習量・復習必要性・定着状態の分離,初期リリース必須,F,復習が必要であることと、 長期的な弱点であることを区別できること。,RULE,DATA,DATA,yes,短期的な復習必要性と長期的な弱点を区別する評価規則
REQ-LEARNING-STATE-006,73,学習量・復習必要性・定着状態の分離,初期リリース必須,F,学習量、復習必要性、定着状態は、 回答イベントから再計算可能な派生情報として扱うこと。,RULE,DATA,DATA,yes,学習量・復習必要性・定着状態を回答イベントから再計算可能な派生情報とする原則
REQ-LEARNING-STATE-007,73,学習量・復習必要性・定着状態の分離,初期リリース必須,F,学習量、復習必要性、定着状態について、 それぞれ異なる表示・集計・出題条件に利用できること。,FUNC,"DATA,RULE",DATA,yes,複数の学習状態を個別の表示・集計・出題条件に利用する機能
REQ-MOTIVATION-001,74,子ども向けの進捗表現,初期リリース必須,G,子ども用画面では、 誤答や未定着を人格や能力の否定と受け取られにくい 中立的または前向きな表現で表示すること。,RULE,"QUAL,FUNC",FUNC,yes,誤答・未定着を人格や能力の否定と受け取られにくい表現にする表示方針
REQ-MOTIVATION-002,74,子ども向けの進捗表現,初期リリース必須,G,子ども用画面では、 原則として「苦手」だけで状態を表現せず、 次のような行動につながる表現を使用できること。 - もう一度確認 - 復習が必要 - 復習ポイントあり - 次に取り組む問題,RULE,"FUNC,QUAL",FUNC,yes,苦手という固定的表現より次の行動につながる表現を使用する規則
REQ-MOTIVATION-003,74,子ども向けの進捗表現,初期リリース必須,G,誤答を、 失敗の記録だけでなく 復習対象を見つけた学習結果として表示できること。,FUNC,RULE,FUNC,no,誤答を復習対象発見という学習結果として表示する機能
REQ-MOTIVATION-004,74,子ども向けの進捗表現,初期リリース必須,G,子ども用の進捗表示では、 未着手問題が減ったこと、 取り組んだ問題が増えたことなど、 学習量としての前進を確認できること。,FUNC,DATA,FUNC,no,未着手減少・取り組み増加などの学習量の前進を表示する機能
REQ-MOTIVATION-005,74,子ども向けの進捗表現,初期リリース必須,G,定着条件を満たしていない場合でも、 取り組みや再挑戦の実績を 進捗として表示できること。,FUNC,"RULE,DATA",FUNC,no,未定着でも取り組み・再挑戦実績を進捗として表示する機能
REQ-MOTIVATION-006,74,子ども向けの進捗表現,初期リリース必須,G,子ども向け表示名と、 内部で使用する状態・判定名称を分離できること。,RULE,"DATA,FUNC",FUNC,yes,子ども向け表示名と内部状態・判定名称を分離する表示設計規則
REQ-MOTIVATION-007,74,子ども向けの進捗表現,初期リリース後,G,子ども向けの進捗表示で、 今日取り組んだ問題数や完了した課題数を表示できること。,FUNC,DATA,FUNC,no,当日の問題数・完了課題数を子ども向けに表示する機能
REQ-MOTIVATION-008,74,子ども向けの進捗表現,初期リリース後,G,継続学習を支援するため、 連続学習日数や一定期間の取り組み実績を表示できること。 ただし、 学習しなかった日を過度に否定的に扱わないこと。,FUNC,"RULE,DATA",FUNC,no,継続日数・期間内実績を表示しつつ、未学習日を過度に否定しない機能
REQ-MOTIVATION-009,74,子ども向けの進捗表現,初期リリース後,G,復習が必要な問題数や復習優先度を、 子どもが理解しやすい表示へ変換できること。 内部の数値やアルゴリズム値を そのまま表示することを必須としない。,FUNC,"RULE,DATA",FUNC,no,復習問題数・優先度を子どもが理解しやすい表現へ変換する機能
REQ-SUMMARY-001,75,進捗サマリー,初期リリース必須,F,学習対象について、 少なくとも次の数を集計できること。 - 総問題数 - 未着手問題数 - 取り組み済み問題数 - 復習が必要な問題数 - 現在定着している問題数,FUNC,DATA,FUNC,no,総数・未着手・取組済み・復習対象・定着済みを集計する機能
REQ-SUMMARY-002,75,進捗サマリー,初期リリース必須,G,取り組み済み問題数と定着済み問題数を、 重複または包含関係が分かる形で表示すること。,FUNC,"DATA,RULE",FUNC,no,取組済み数と定着済み数の重複・包含関係を理解可能な形で表示する機能
REQ-SUMMARY-003,75,進捗サマリー,初期リリース必須,F,進捗サマリーを、 教材、目的別問題集、カタログ項目、 習得対象などの管理単位で集計できること。,FUNC,DATA,FUNC,no,教材・問題集・カタログ・習得対象などの管理単位別に進捗を集計する機能
REQ-SUMMARY-004,75,進捗サマリー,初期リリース必須,F,進捗サマリーの数値を、 保存済みの固定集計値だけに依存せず 回答イベントと関連データから再計算できること。,FUNC,"DATA,QUAL",FUNC,no,固定集計値だけに依存せず回答イベント等から進捗サマリーを再計算する機能
REQ-SUMMARY-005,75,進捗サマリー,初期リリース必須,F,進捗サマリーで使用する分類や閾値を、 定着判定アルゴリズムの変更に応じて 再評価できること。,FUNC,"DATA,RULE",FUNC,no,定着判定アルゴリズム変更時にサマリー分類・閾値を再評価する機能
REQ-AUTHORING-TRACE-001,77,教材作成過程の追跡,初期リリース必須,C,教材または問題集について、 作成に使用した原本、資料、対象範囲を記録できること。,OPS,,OPS,no,個別監査対象および追加監査条件に該当しないため、自動主候補を採用
REQ-AUTHORING-TRACE-002,77,教材作成過程の追跡,初期リリース必須,C,教材または問題集について、 作成目的および出題方針を記録できること。,OPS,,OPS,no,個別監査対象および追加監査条件に該当しないため、自動主候補を採用
REQ-AUTHORING-TRACE-003,77,教材作成過程の追跡,初期リリース必須,C,教材または問題集について、 問題数、対象範囲、問題形式などの作成結果を記録できること。,OPS,,OPS,no,個別監査対象および追加監査条件に該当しないため、自動主候補を採用
REQ-AUTHORING-TRACE-004,77,教材作成過程の追跡,初期リリース必須,C,教材または問題集について、 機械検証および人によるレビューの実施結果を記録できること。,OPS,,OPS,no,個別監査対象および追加監査条件に該当しないため、自動主候補を採用
REQ-AUTHORING-TRACE-005,77,教材作成過程の追跡,初期リリース必須,C,問題から、 作成元の教材、対象範囲、作成方針、レビュー記録を 必要に応じて追跡できること。,OPS,,OPS,no,個別監査対象および追加監査条件に該当しないため、自動主候補を採用
REQ-AUTHORING-TRACE-006,77,教材作成過程の追跡,初期リリース必須,C,公開できない原本や中間資料と、 公開可能な問題・解説・自作資料を 論理的および運用上分離して管理すること。,OPS,,OPS,no,個別監査対象および追加監査条件に該当しないため、自動主候補を採用
REQ-REGISTRATION-001,78,教材登録前の適用範囲確認,初期リリース必須,C,教材登録前に、 その教材を利用する学習方法および機能を確認できること。 少なくとも次を確認対象とする。 - 通常の画面学習 - 目的別問題集 - 印刷 - 図表表示 - 音声再生 - スピーキング練習,OPS,"FUNC,SCOPE",OPS,no,教材登録前に利用予定の学習方法・機能を確認する登録準備運用
REQ-REGISTRATION-002,78,教材登録前の適用範囲確認,初期リリース必須,C,教材登録前に、 教材、問題、本文、図表、音声などの公開範囲を確認できること。,OPS,"FUNC,DATA",OPS,no,教材・問題・アセットの公開範囲を登録前に確認する運用要件
REQ-REGISTRATION-003,78,教材登録前の適用範囲確認,初期リリース必須,C,教材登録前に、 必要となるメタデータ、参照情報、表示資料、 印刷設定および音声設定の有無を判断できること。,OPS,"DATA,RULE",OPS,no,登録前に必要なメタデータ・参照・表示・印刷・音声設定の要否を判断する運用
REQ-REGISTRATION-004,78,教材登録前の適用範囲確認,初期リリース必須,C,利用予定のない機能に関する属性を、 一律に必須入力としないこと。 ただし、 後から必要性を判断できる状態を維持すること。,RULE,"DATA,OPS",OPS,yes,利用予定のない機能の属性を一律必須にせず、後から要否判断可能にする入力規則
REQ-REGISTRATION-005,78,教材登録前の適用範囲確認,初期リリース必須,C,教材登録時に、 通常教材、目的別問題集、印刷用出力、 表示アセットなどの関連データを 別々に検証できること。,FUNC,"OPS,DATA",OPS,yes,教材・問題集・印刷・アセットなどの関連データを個別に検証する機能
REQ-REGISTRATION-COMPLETE-001,79,教材登録の完了条件,初期リリース必須,C,教材登録について、 機械検証の成功だけで完了とみなさず、 利用者が実際に利用できることを確認すること。,OPS,RULE,OPS,no,教材登録の完了を実利用確認まで含めて判定する受入・運用手順
REQ-REGISTRATION-COMPLETE-002,79,教材登録の完了条件,初期リリース必須,C,画面学習に使用する教材について、 少なくとも次を確認できること。 - 教材を選択できる - 問題を開始できる - 問題および解答を表示できる - 回答を記録できる - 学習セッションを完了できる,OPS,FUNC,FUNC,yes,画面学習に必要な機能一式を登録完了時に受入確認する運用要件
REQ-REGISTRATION-COMPLETE-003,79,教材登録の完了条件,初期リリース必須,C,新しく登録した教材の回答イベント、進捗、履歴が、 他の教材と誤って混在しないことを確認できること。,OPS,"QUAL,DATA",OPS,no,新規教材の学習データが他教材と混在しないことを登録完了時に確認する
REQ-REGISTRATION-COMPLETE-004,79,教材登録の完了条件,初期リリース必須,C,新しく登録した教材について、 バックアップ、復元、同期の対象範囲が 想定どおりであることを確認できること。,OPS,QUAL,OPS,no,バックアップ・復元・同期の対象範囲を登録完了時に確認する
REQ-REGISTRATION-COMPLETE-005,79,教材登録の完了条件,初期リリース必須,C,目的別問題集へ含める場合、 参照先問題の存在、利用可能状態、重複を確認できること。,OPS,"DATA,RULE",OPS,no,目的別問題集への参照整合性と重複を登録完了時に確認する
REQ-REGISTRATION-COMPLETE-006,79,教材登録の完了条件,初期リリース必須,C,印刷対象の教材について、 問題用紙、解答、解説、記入欄、 図表および著作権表示を確認できること。,OPS,FUNC,OPS,no,印刷機能と権利表示を教材登録の受入確認項目として扱う
REQ-REGISTRATION-COMPLETE-007,79,教材登録の完了条件,初期リリース必須,C,図表または音声を含む教材について、 関連アセットが利用可能であり、 欠落時の扱いが定義されていることを確認できること。,OPS,"DATA,RULE",OPS,no,関連アセットの利用可否と欠落時規則を登録完了時に確認する
REQ-REGISTRATION-COMPLETE-008,79,教材登録の完了条件,初期リリース必須,C,教材登録の完了条件を、 教材の種類および利用機能に応じて設定できること。,OPS,"RULE,FUNC",OPS,no,教材種別・利用機能に応じた登録完了条件を設定する運用要件
REQ-MATERIAL-SELECTION-001,81,教材選択と読込状態の整合性,初期リリース必須,E,利用者が選択した教材と、 実際に出題対象として読み込まれている教材を 一致させること。,QUAL,"FUNC,DATA",FUNC,yes,利用者の選択教材と実際の出題対象を一致させる状態整合性要件
REQ-MATERIAL-SELECTION-002,81,教材選択と読込状態の整合性,初期リリース必須,G,現在の学習対象となっている教材を、 利用者が分かる形で表示すること。 子ども用画面では、 内部IDではなく教材名や対象範囲などの 理解しやすい情報を使用すること。,FUNC,"RULE,DATA",FUNC,no,現在の対象教材を内部IDではなく理解しやすい名称・範囲で表示する機能
REQ-MATERIAL-SELECTION-003,81,教材選択と読込状態の整合性,初期リリース必須,E,教材切替処理中は、 切替前または切替後のどちらの状態か判別できないまま 学習を開始させないこと。,RULE,"FUNC,QUAL",FUNC,yes,教材切替状態が確定するまで学習開始を許可しない規則
REQ-MATERIAL-SELECTION-004,81,教材選択と読込状態の整合性,初期リリース必須,E,教材切替後に、 切替前の教材の問題、出題設定、一時的な回答状態が 切替後の学習へ誤って残らないこと。,QUAL,"RULE,DATA",FUNC,yes,切替前教材の問題・設定・一時回答状態を切替後へ残さない分離性要件
REQ-MATERIAL-SELECTION-005,81,教材選択と読込状態の整合性,初期リリース必須,H,教材切替後に、 回答イベント、進捗、履歴、再開対象、周回状態などが 正しい教材または問題へ関連付けられること。,QUAL,"DATA,RULE",FUNC,yes,履歴・進捗・周回状態などを正しい教材・問題へ関連付ける参照整合性要件
REQ-MATERIAL-SELECTION-006,81,教材選択と読込状態の整合性,初期リリース必須,E,選択した教材が利用停止中、参照不能、または読込不能な場合、 学習を開始させず、 利用者が原因と対応方法を確認できること。,FUNC,"RULE,OPS",FUNC,no,利用不能教材では開始を防止し、原因と対応方法を確認可能にする機能
REQ-MATERIAL-LOAD-001,82,教材読込と障害時の扱い,初期リリース必須,E,教材の読込完了と、 学習機能の初期化完了を確認してから 学習開始を可能にすること。,FUNC,RULE,FUNC,no,教材読込と学習機能初期化の完了後に学習開始を許可する機能
REQ-MATERIAL-LOAD-002,82,教材読込と障害時の扱い,初期リリース必須,E,教材の問題データ、必要な表示アセット、 音声などの必須要素が不足している場合、 不完全な教材として学習を開始させないこと。 ただし、 任意要素の欠落時に継続可能かどうかは 教材または要素ごとに定義できること。,RULE,"FUNC,DATA",FUNC,yes,必須要素不足時は学習開始を禁止し、任意要素欠落時の継続可否を定義する規則
REQ-MATERIAL-LOAD-003,82,教材読込と障害時の扱い,初期リリース必須,E,教材の読込に失敗した場合、 旧教材のデータや途中まで読み込まれたデータを 新しい教材として利用しないこと。,RULE,"FUNC,QUAL",FUNC,yes,読込失敗時に旧教材や不完全データを新教材として利用しない規則
REQ-MATERIAL-LOAD-004,82,教材読込と障害時の扱い,初期リリース必須,G,教材読込エラーについて、 少なくとも次を確認できること。 - 対象教材 - 失敗した処理または要素 - 再試行可能かどうか - 管理者による確認が必要かどうか,FUNC,"OPS,DATA",FUNC,no,教材読込エラーの対象・失敗要素・再試行可否・管理者確認要否を表示する機能
REQ-MATERIAL-LOAD-005,82,教材読込と障害時の扱い,初期リリース必須,H,教材切替や再読込によって、 保存済みの回答イベントや完了済み学習セッションを 誤って消去しないこと。,QUAL,"DATA,FUNC",FUNC,yes,教材切替・再読込時にも保存済み回答イベントや完了セッションを消失させない保全要件
REQ-MULTI-MATERIAL-001,83,複数教材の規模拡張,初期リリース必須,C,複数の教材を一覧管理し、 利用可能状態、対象教科・検定、学年・級、 対象範囲などから選択できること。,FUNC,DATA,OPS,yes,複数教材を一覧管理し、状態・教科・学年・範囲などから選択する機能
REQ-MULTI-MATERIAL-002,83,複数教材の規模拡張,初期リリース必須,C,教材数が増加しても、 すべての教材の問題データやアセットを 学習開始前に一括して読み込むことを必須としないこと。,QUAL,RULE,OPS,yes,教材増加時にも全問題・全アセットの事前一括読込を必須にしない拡張性要件
REQ-MULTI-MATERIAL-003,83,複数教材の規模拡張,初期リリース必須,C,学習に必要な教材データだけを取得または読み込めること。 具体的な遅延読込、キャッシュ、配信方式は 技術選定後に決定する。,FUNC,"QUAL,DATA",OPS,yes,学習に必要な教材データだけを取得・読込する機能
REQ-MULTI-MATERIAL-004,83,複数教材の規模拡張,初期リリース必須,C,教材一覧の管理情報と、 実際に利用可能な教材データとの不一致を検出できること。,FUNC,"DATA,QUAL",OPS,yes,教材一覧の管理情報と実データの不一致を検出する機能
REQ-PERSISTENCE-001,85,通常保存の信頼性,初期リリース必須,H,完了した学習セッションおよび回答イベントを、 アプリや端末を終了した後も失わずに参照できること。,QUAL,DATA,QUAL,no,アプリ・端末終了後も学習事実を失わず参照可能にする永続性要件
REQ-PERSISTENCE-002,85,通常保存の信頼性,初期リリース必須,H,保存処理について、 少なくとも次の状態を区別できること。 - 保存済み - 保存処理中 - 同期待ちまたは送信待ち - 保存失敗 具体的な状態名は技術設計時に確定する。,DATA,RULE,QUAL,yes,保存済み・処理中・送信待ち・失敗を区別して表現する状態データ要件
REQ-PERSISTENCE-003,85,通常保存の信頼性,初期リリース必須,H,保存が完了していない学習結果を、 保存済みであるかのように表示しないこと。,QUAL,"RULE,FUNC",QUAL,no,未保存結果を保存済みと誤認させない正確性・信頼性要件
REQ-PERSISTENCE-004,85,通常保存の信頼性,初期リリース必須,H,回答イベントまたは学習セッションの保存を再試行しても、 同一の事実データを重複登録しないこと。,QUAL,RULE,QUAL,no,保存再試行時にも同一事実を重複登録しない冪等性要件
REQ-PERSISTENCE-005,85,通常保存の信頼性,初期リリース必須,H,関連する複数のデータを保存する処理で失敗した場合、 一部だけが確定した不整合状態を残さないこと。 具体的なトランザクション方式は技術選定後に決定する。,QUAL,DATA,QUAL,no,複数データ保存失敗時に部分確定の不整合を残さない原子性要件
REQ-PERSISTENCE-006,85,通常保存の信頼性,初期リリース必須,H,保存済みデータを読み込んだ結果と、 画面に表示される学習状態との不一致を検出できること。,FUNC,"QUAL,DATA",QUAL,yes,保存済みデータと画面上の学習状態の不一致を検出する機能
REQ-PERSISTENCE-007,85,通常保存の信頼性,初期リリース必須,H,保存処理の失敗によって学習結果を確定できない場合、 利用者が再試行、保留、または管理者への確認などの 対応方法を確認できること。,FUNC,"OPS,QUAL",QUAL,yes,保存失敗時の再試行・保留・管理者確認などの対応方法を提示する機能
REQ-SAVE-STATUS-001,86,保存状態の表示と管理,初期リリース必須,G,現在の学習結果が保存済みかどうかを、 利用者が必要に応じて確認できること。,FUNC,"DATA,QUAL",QUAL,yes,現在の学習結果が保存済みかを利用者が確認する機能
REQ-SAVE-STATUS-002,86,保存状態の表示と管理,初期リリース必須,G,保存失敗または未送信のデータがある場合、 利用者または管理者へ分かる形で表示すること。,FUNC,"OPS,QUAL",QUAL,yes,保存失敗・未送信データの存在を利用者または管理者へ表示する機能
REQ-SAVE-STATUS-003,86,保存状態の表示と管理,初期リリース必須,G,保存失敗の表示には、 少なくとも次を含められること。 - 対象となる学習またはデータ - 最後に保存できた時点 - 再試行可能かどうか - データ消失の可能性 - 推奨する対応,FUNC,"DATA,OPS",QUAL,yes,保存失敗の対象・最終保存時点・危険性・推奨対応を表示する機能
REQ-SAVE-STATUS-004,86,保存状態の表示と管理,初期リリース必須,H,一時的な保存失敗が解消した場合、 保留中の学習結果を失わずに保存または同期できること。,QUAL,"FUNC,DATA",QUAL,no,保留中の学習結果を失わずに再保存・再同期可能にする信頼性要件
REQ-SAVE-STATUS-005,86,保存状態の表示と管理,初期リリース必須,G,子ども用画面では、 通常時に詳細な保存機構を意識させず、 対応が必要な場合だけ理解しやすい表示を行うこと。,RULE,"FUNC,QUAL",QUAL,yes,子どもには通常時に保存機構を意識させず、対応時だけ分かりやすく示す表示規則
REQ-DATA-OUTPUT-001,87,通常保存・バックアップ・分析出力の分離,初期リリース必須,H,通常利用中の永続保存と、 利用者が明示的に作成するバックアップを 異なる目的の機能として扱うこと。,RULE,"FUNC,DATA",DATA,yes,通常の永続保存と明示的バックアップを異なる目的の機能として扱う規則
REQ-DATA-OUTPUT-002,87,通常保存・バックアップ・分析出力の分離,初期リリース必須,H,復元を目的とするバックアップと、 人による確認や分析を目的とする出力を区別すること。,RULE,"DATA,FUNC",DATA,yes,復元用バックアップと確認・分析用出力を明確に区別する規則
REQ-DATA-OUTPUT-003,87,通常保存・バックアップ・分析出力の分離,初期リリース必須,H,分析用出力だけを、 完全な復元手段として扱わないこと。,RULE,"DATA,QUAL",DATA,yes,分析用出力だけを完全な復元手段として扱わないデータ運用規則
REQ-DATA-OUTPUT-004,87,通常保存・バックアップ・分析出力の分離,初期リリース必須,H,通常保存先の障害や誤操作に備え、 通常保存とは独立した復元手段を提供すること。 具体的なDBバックアップ、スナップショット、 世代管理、外部ファイル出力の方式は 技術選定後に決定する。,QUAL,"FUNC,OPS",DATA,yes,通常保存先の障害・誤操作に備えて独立した復元手段を持つ回復性要件
REQ-CATALOG-STRUCTURE-001,89,カタログ種別ごとの構造差,初期リリース必須,A,学習内容カタログについて、 学校教科と検定で異なる基本単位を表現できること。 少なくとも次を想定する。 - 学校教科における教科と学年 - 検定における検定種別と級,DATA,,DATA,no,個別監査対象および追加監査条件に該当しないため、自動主候補を採用
REQ-CATALOG-STRUCTURE-002,89,カタログ種別ごとの構造差,初期リリース必須,A,カタログの階層構造を、 すべての教科・検定で同一の固定階層へ 強制しないこと。,DATA,,DATA,no,個別監査対象および追加監査条件に該当しないため、自動主候補を採用
REQ-CATALOG-STRUCTURE-003,89,カタログ種別ごとの構造差,初期リリース必須,A,教科または検定の特性に応じて、 次の要素を階層項目または横断的な分類として表現できること。 - 学習領域 - 学習テーマ - 知識項目 - 技能 - 出題形式 - 場面または用途,DATA,,DATA,no,個別監査対象および追加監査条件に該当しないため、自動主候補を採用
REQ-CATALOG-STRUCTURE-004,89,カタログ種別ごとの構造差,初期リリース必須,A,同じ概念を、 主たる学習テーマと横断技能の両方として 重複登録することを必須としないこと。 教科特性に応じて、 主分類と横断属性の役割を分けられること。,DATA,,DATA,no,個別監査対象および追加監査条件に該当しないため、自動主候補を採用
REQ-CATALOG-STRUCTURE-005,89,カタログ種別ごとの構造差,初期リリース必須,A,学校教科では、 教科書の章・節・ページなどの出典上の構造と、 学習内容としての分類構造を分離できること。,DATA,,DATA,no,個別監査対象および追加監査条件に該当しないため、自動主候補を採用
REQ-CATALOG-STRUCTURE-006,89,カタログ種別ごとの構造差,初期リリース必須,A,検定では、 公式の出題範囲、測定技能、出題形式、 知識項目を相互に関連付けながら 分離して管理できること。,DATA,,DATA,no,個別監査対象および追加監査条件に該当しないため、自動主候補を採用
REQ-CATALOG-PATH-001,90,学年間・級間の接続,初期リリース必須,A,学習内容について、 前学年、下位級、または既習範囲との 前提関係を表現できること。,DATA,RULE,DATA,no,前学年・下位級・既習範囲との前提関係を保持するデータ要件
REQ-CATALOG-PATH-002,90,学年間・級間の接続,初期リリース必須,A,学年または級ごとに、 その段階で新しく追加される学習内容を 識別できること。,DATA,,DATA,no,学年・級ごとに新しく追加される学習内容を識別するデータ要件
REQ-CATALOG-PATH-003,90,学年間・級間の接続,初期リリース必須,A,学年または級ごとに、 その段階で特に重視される知識・技能・問題形式を 識別できること。,DATA,,DATA,no,学年・級ごとに重視される知識・技能・問題形式を識別するデータ要件
REQ-CATALOG-PATH-004,90,学年間・級間の接続,初期リリース必須,A,学習内容から、 次学年、上位級、または後続単元への 接続関係を表現できること。,DATA,RULE,DATA,no,次学年・上位級・後続単元への接続関係を保持するデータ要件
REQ-CATALOG-PATH-005,90,学年間・級間の接続,初期リリース必須,A,下位学年・下位級の復習内容を、 現在の学年・級の正式な新規範囲と混同せず 関連付けられること。,RULE,DATA,DATA,yes,下位学年・下位級の復習内容と現在段階の新規範囲を混同しない関連付け規則
REQ-CATALOG-PATH-006,90,学年間・級間の接続,初期リリース必須,A,現在の学習でつまずいた場合に、 原因となる可能性がある前提学習内容へ たどれること。,FUNC,DATA,DATA,yes,現在のつまずきから原因候補となる前提学習内容へたどる機能
REQ-CATALOG-PATH-007,90,学年間・級間の接続,初期リリース後,A,前提関係と学習履歴を利用して、 不足している前提内容や 次に学習する候補を提示できること。,FUNC,"DATA,RULE",DATA,yes,前提関係と学習履歴から不足前提や次の学習候補を提示する機能
REQ-CATALOG-AUTHORITY-001,91,カタログの正本と根拠,初期リリース必須,A,カタログ項目について、 分類の根拠となる資料を記録できること。,DATA,,DATA,no,個別監査対象および追加監査条件に該当しないため、自動主候補を採用
REQ-CATALOG-AUTHORITY-002,91,カタログの正本と根拠,初期リリース必須,A,学校教科では、 教科書、学習指導上の範囲、学校配布資料などの 根拠を区別できること。,DATA,,DATA,no,個別監査対象および追加監査条件に該当しないため、自動主候補を採用
REQ-CATALOG-AUTHORITY-003,91,カタログの正本と根拠,初期リリース必須,A,検定では、 公式サイト、公式要項、公式過去問、 公式の審査基準などを 優先度の異なる根拠として管理できること。,DATA,,DATA,no,個別監査対象および追加監査条件に該当しないため、自動主候補を採用
REQ-CATALOG-AUTHORITY-004,91,カタログの正本と根拠,初期リリース必須,A,カタログの分類を、 既存の問題構成だけから逆算して決定しないこと。,DATA,,DATA,no,個別監査対象および追加監査条件に該当しないため、自動主候補を採用
REQ-CATALOG-AUTHORITY-005,91,カタログの正本と根拠,初期リリース必須,A,既存問題は、 確定または承認されたカタログへ後から対応付けられること。 既存問題に合わせるためだけに、 カタログの正本構造を変更しないこと。,DATA,,DATA,no,個別監査対象および追加監査条件に該当しないため、自動主候補を採用
REQ-CATALOG-AUTHORITY-006,91,カタログの正本と根拠,初期リリース必須,A,外部の公式情報を根拠とする場合、 参照元、参照日、要約、分類上の判断を記録できること。,DATA,,DATA,no,個別監査対象および追加監査条件に該当しないため、自動主候補を採用
REQ-CATALOG-AUTHORITY-007,91,カタログの正本と根拠,初期リリース必須,A,公式情報の改訂を確認した場合、 旧根拠と新根拠、およびカタログへの影響を 追跡できること。,DATA,,DATA,no,個別監査対象および追加監査条件に該当しないため、自動主候補を採用
REQ-CATALOG-DIMENSION-001,92,学習内容・技能・問題形式の分離,初期リリース必須,A,問題が扱う学習内容と、 問題を解くために必要な技能を 別々に関連付けられること。,DATA,RULE,DATA,no,問題が扱う学習内容と必要技能を別々の関連として保持するデータ要件
REQ-CATALOG-DIMENSION-002,92,学習内容・技能・問題形式の分離,初期リリース必須,A,学習内容および技能と、 空所補充、計算、記述、音読などの 問題形式を分離して管理すること。,RULE,DATA,DATA,yes,学習内容・技能と問題形式を別概念として管理する分類原則
REQ-CATALOG-DIMENSION-003,92,学習内容・技能・問題形式の分離,初期リリース必須,A,1つの問題へ、 複数の学習内容、技能、問題形式上の特徴を 関連付けられること。,DATA,,DATA,no,一つの問題へ複数の学習内容・技能・問題形式特徴を関連付けるデータ要件
REQ-CATALOG-DIMENSION-004,92,学習内容・技能・問題形式の分離,初期リリース必須,A,概念理解、操作・計算、表現・説明、 利用・応用などの違いを、 単元名だけに依存せず識別できること。,QUAL,"DATA,RULE",DATA,yes,概念理解・操作・表現・応用の違いを単元名だけに依存せず識別可能にする拡張性要件
REQ-CATALOG-DIMENSION-005,92,学習内容・技能・問題形式の分離,初期リリース必須,A,読解、聴解、作文、発話などの測定技能と、 語彙、文法、場面、機能表現などの学習要素を 別々に管理し、関連付けられること。,DATA,RULE,DATA,no,測定技能と語彙・文法・場面などの学習要素を分離して関連付けるデータ要件
REQ-INQUIRY-001,94,探究型学習の過程,初期リリース必須,B,探究型の学習について、 複数の段階からなる学習過程として表現できること。 少なくとも次のような段階を想定する。 - 疑問または課題を見つける - 問いを設定する - 仮説または予想を立てる - 調査、観察、実験を計画する - 情報または結果を集める - 整理し、比較し、分析する - 考察する - 結論または解決策をまとめる - 発表する - 振り返る 教科によって不要な段階や異なる名称を使用できること。,DATA,RULE,DATA,no,探究型学習を教科別に変更可能な複数段階の学習過程として表現する
REQ-INQUIRY-002,94,探究型学習の過程,初期リリース必須,B,探究過程全体を扱う学習と、 特定の一段階だけを練習する学習を 区別できること。,RULE,DATA,DATA,yes,探究過程全体の学習と特定段階だけの練習を区別する規則
REQ-INQUIRY-003,94,探究型学習の過程,初期リリース必須,B,1つの問題または学習活動を、 探究過程の複数段階へ関連付けられること。,DATA,,DATA,no,問題・学習活動と探究過程段階の多対多の関連を保持する
REQ-INQUIRY-004,94,探究型学習の過程,初期リリース必須,B,探究過程の段階ごとに、 学習履歴、正誤、達成状況または評価結果を 確認できること。 具体的な評価方法は問題形式と技術設計に応じて決定する。,FUNC,DATA,DATA,yes,探究段階ごとの履歴・正誤・達成・評価を確認する機能
REQ-INQUIRY-005,94,探究型学習の過程,初期リリース必須,B,探究過程に順序関係がある場合、 前段階の成果を後続段階で参照できること。,DATA,"RULE,FUNC",DATA,no,前段階の成果を後続段階から参照可能にする過程データ要件
REQ-INQUIRY-006,94,探究型学習の過程,初期リリース必須,B,探究過程の途中成果を保存し、 後から続きを再開できること。 通常の一問一答セッションとの 具体的な統合方法は技術設計時に決定する。,FUNC,"DATA,QUAL",DATA,yes,探究途中の成果を保存し後から続きを再開する機能
REQ-EVIDENCE-001,95,事実・資料・考察・結論の分離,初期リリース必須,B,学習活動で扱う次の要素を、 互いに区別して管理できること。 - 観察または調査で得た事実 - 実験結果 - 資料から読み取った情報 - 学習者による考察 - 根拠を伴う説明 - 結論または提案,DATA,,DATA,no,個別監査対象および追加監査条件に該当しないため、自動主候補を採用
REQ-EVIDENCE-002,95,事実・資料・考察・結論の分離,初期リリース必須,B,考察、説明、結論または提案について、 根拠となる観察結果、実験結果、資料などを 関連付けられること。,DATA,,DATA,no,個別監査対象および追加監査条件に該当しないため、自動主候補を採用
REQ-EVIDENCE-003,95,事実・資料・考察・結論の分離,初期リリース必須,B,数値、表、グラフ、地図、写真、史料、 文章資料など、異なる種類の根拠資料を 区別できること。,DATA,,DATA,no,個別監査対象および追加監査条件に該当しないため、自動主候補を採用
REQ-EVIDENCE-004,95,事実・資料・考察・結論の分離,初期リリース必須,B,複数の資料を比較または関連付けて 判断する問題を表現できること。,DATA,,DATA,no,個別監査対象および追加監査条件に該当しないため、自動主候補を採用
REQ-EVIDENCE-005,95,事実・資料・考察・結論の分離,初期リリース必須,B,結果と考察、事実と意見、 根拠と結論などの混同を確認する問題を 作成できること。,DATA,,DATA,no,個別監査対象および追加監査条件に該当しないため、自動主候補を採用
REQ-EVIDENCE-006,95,事実・資料・考察・結論の分離,初期リリース必須,B,1つに定まらない説明、提案、判断について、 正誤だけでなく評価観点または採点基準を 関連付けられること。 具体的な自動採点またはAI評価の方式は 技術選定後に決定する。,DATA,,DATA,no,個別監査対象および追加監査条件に該当しないため、自動主候補を採用
REQ-REASONING-001,96,比較・因果・多面的判断,初期リリース必須,B,学習内容間の関係として、 少なくとも次を表現できること。 - 時間的な前後関係 - 原因と結果 - 共通点と相違点 - 全体と部分 - 地域間または時代間の比較 - 問題と解決策 - 利点と課題,DATA,,DATA,no,個別監査対象および追加監査条件に該当しないため、自動主候補を採用
REQ-REASONING-002,96,比較・因果・多面的判断,初期リリース必須,B,複数の学習内容を横断して、 変化の過程または因果関係を問う問題を 作成できること。,DATA,,DATA,no,個別監査対象および追加監査条件に該当しないため、自動主候補を採用
REQ-REASONING-003,96,比較・因果・多面的判断,初期リリース必須,B,複数の立場、観点、条件を考慮して 判断する問題を表現できること。,DATA,,DATA,no,個別監査対象および追加監査条件に該当しないため、自動主候補を採用
REQ-REASONING-004,96,比較・因果・多面的判断,初期リリース必須,B,判断または提案について、 根拠、利点、課題、実現可能性などの 評価観点を設定できること。,DATA,,DATA,no,個別監査対象および追加監査条件に該当しないため、自動主候補を採用
REQ-EXAM-PART-001,97,試験内区分,初期リリース必須,D,検定または試験の中に、 目的や測定技能の異なる複数の試験区分がある場合、 それぞれを識別して管理できること。 例として、1次・2次、筆記・面接、 リーディング・リスニングなどを想定する。,DATA,,DATA,no,一次・二次、筆記・面接など目的や技能の異なる試験区分を識別して保持する
REQ-EXAM-PART-002,97,試験内区分,初期リリース必須,D,試験区分ごとに、 少なくとも次を管理できること。 - 測定する知識または技能 - 出題形式 - 制限時間 - 問題数または構成 - 合格または評価の基準 - 実施順序 適用されない項目は省略できること。,DATA,RULE,DATA,no,試験区分ごとの技能・形式・時間・問題数・合格基準・順序を保持する
REQ-EXAM-PART-003,97,試験内区分,初期リリース必須,D,同じ学習内容が、 複数の試験区分で異なる形式または技能として 出題されることを表現できること。,DATA,RULE,DATA,no,同一学習内容が複数試験区分で異なる形式・技能として出題される関係を表現する
REQ-EXAM-PART-004,97,試験内区分,初期リリース必須,D,学習履歴および模擬試験結果を、 試験全体と試験区分の両方で集計できること。,FUNC,DATA,DATA,yes,学習履歴・模擬試験結果を試験全体と試験区分の両方で集計する機能
REQ-EXAM-PART-005,97,試験内区分,初期リリース必須,D,試験区分ごとの合格条件と、 試験全体としての合格条件を 混同せず管理できること。,DATA,RULE,DATA,no,試験区分別の合格条件と試験全体の合格条件を分けて管理する
REQ-EXAM-PART-006,97,試験内区分,初期リリース必須,D,公式情報の改訂によって、 試験区分、時間、問題数、合格基準が変更された場合、 適用期間または版を区別できること。,DATA,"OPS,RULE",DATA,no,試験区分・時間・問題数・合格基準の改訂を適用期間または版で管理する
REQ-COVERAGE-007,99,教材の網羅性と問題構成,初期リリース必須,C,頻出、重要、誤りやすいなどの理由により、 特定の学習対象へ複数の問題を割り当てられること。 すべての学習対象へ、 一律に同じ問題数を要求しないこと。,RULE,DATA,OPS,yes,重要度・頻出度・誤りやすさに応じて問題数を変え、一律同数を要求しない問題構成規則
REQ-COVERAGE-008,99,教材の網羅性と問題構成,初期リリース必須,C,1つの学習対象について、 異なる問題形式または異なる観点から 確認する問題を関連付けられること。 例として、次を想定する。 - 読む - 書く - 意味を理解する - 文脈で使い分ける - 説明する - 応用する,DATA,RULE,OPS,yes,一つの習得対象へ複数の問題形式・観点を関連付けるデータ要件
REQ-COVERAGE-009,99,教材の網羅性と問題構成,初期リリース必須,C,意図的に問題数を少なくした範囲、 対象外とした範囲、未作成の範囲について、 その理由を記録できること。,DATA,"OPS,SCOPE",OPS,yes,問題数を抑えた範囲・対象外・未作成範囲の理由を記録するデータ要件
REQ-QUALITY-REVIEW-001,100,問題品質レビュー,初期リリース必須,C,教材の完成判定において、 機械的な検証と人による内容レビューを 別々の工程として扱うこと。,OPS,RULE,OPS,no,機械検証と人による内容レビューを別工程として実施する教材品質管理運用
REQ-QUALITY-REVIEW-002,100,問題品質レビュー,初期リリース必須,C,機械検証では、 少なくとも次を確認できること。 - 一意IDの重複 - 必須項目の欠落 - 無効な参照 - 許可されていない値 - 問題数および内訳の整合 - 同一または近似した問題文の重複候補,FUNC,"DATA,OPS",OPS,yes,ID重複・必須項目欠落・参照切れ・問題文重複候補などを機械検証する機能
REQ-QUALITY-REVIEW-003,100,問題品質レビュー,初期リリース必須,C,内容レビューでは、 少なくとも次を確認できること。 - 出題範囲への適合 - 正答の妥当性 - 答えが一意に定まるか - 問題文の曖昧さ - 選択肢の自然さと妥当性 - 難易度の適切さ - 問題形式や分野の偏り - 解答・解説の十分性 - 著作権上の問題 - 学習目的との適合,OPS,"RULE,FUNC",OPS,no,正答妥当性・曖昧さ・難易度・権利などを人が確認する内容レビュー運用
REQ-QUALITY-REVIEW-004,100,問題品質レビュー,初期リリース必須,C,問題または教材について、 採用、要修正、保留、不採用などの レビュー状態を管理できること。 具体的な状態名は運用設計時に決定する。,DATA,"OPS,RULE",OPS,yes,採用・要修正・保留・不採用などのレビュー状態を保持するデータ要件
REQ-QUALITY-REVIEW-005,100,問題品質レビュー,初期リリース必須,C,レビュー状態の変更について、 判断理由、確認者、確認日時を記録できること。,DATA,OPS,OPS,yes,レビュー状態変更の理由・確認者・日時を履歴として記録する
REQ-QUALITY-REVIEW-006,100,問題品質レビュー,初期リリース必須,C,内容を大きく変更した問題について、 再レビューが必要であることを識別できること。,RULE,"OPS,DATA",OPS,yes,内容を大きく変更した問題を再レビュー対象として識別する規則
REQ-QUALITY-REVIEW-007,100,問題品質レビュー,初期リリース必須,C,機械検証に合格したことだけを理由に、 教材を完成または公開可能と判定しないこと。,RULE,OPS,OPS,yes,機械検証合格だけでは完成・公開可能と判定しない品質管理規則
REQ-QUESTION-DEPENDENCY-001,101,問題の独立性と依存関係,初期リリース必須,C,ランダム出題または単独出題を想定する問題は、 他の問題を先に見なくても理解できる文面で 作成できること。,DATA,,DATA,no,個別監査対象および追加監査条件に該当しないため、自動主候補を採用
REQ-QUESTION-DEPENDENCY-002,101,問題の独立性と依存関係,初期リリース必須,B,前問、共通本文、共通資料、共通設問などへの 依存がある問題について、 その依存関係を明示できること。,DATA,,DATA,no,個別監査対象および追加監査条件に該当しないため、自動主候補を採用
REQ-QUESTION-DEPENDENCY-003,101,問題の独立性と依存関係,初期リリース必須,D,依存関係を持つ複数問題を、 必要な順序とまとまりを保ったまま 出題できること。,DATA,,DATA,no,個別監査対象および追加監査条件に該当しないため、自動主候補を採用
REQ-QUESTION-DEPENDENCY-004,101,問題の独立性と依存関係,初期リリース必須,D,共通本文や共通資料へ依存する問題を、 依存情報なしで単独出題しないこと。,DATA,,DATA,no,個別監査対象および追加監査条件に該当しないため、自動主候補を採用
REQ-QUESTION-DEPENDENCY-005,101,問題の独立性と依存関係,初期リリース必須,C,問題集の作成時に、 単独出題可能な問題と、 問題群として扱う必要がある問題を 区別して検証できること。,DATA,,DATA,no,個別監査対象および追加監査条件に該当しないため、自動主候補を採用
REQ-SCAFFOLDING-001,102,模範解答・ヒント・段階的支援,初期リリース必須,B,問題に対して、 少なくとも次の学習支援情報を 必要に応じて別々に関連付けられること。 - 正答 - 模範解答 - 解説 - ヒント - 解答の型またはテンプレート - 考え方の手順 - 使用可能な語句または表現例 - 採点基準または評価観点,DATA,,DATA,no,正答・模範解答・解説・ヒント・型・採点基準などを別々の支援情報として保持する
REQ-SCAFFOLDING-002,102,模範解答・ヒント・段階的支援,初期リリース必須,B,完成した模範解答と、 学習者が自力で解答を組み立てるための ヒントまたは解答の型を区別すること。,RULE,DATA,DATA,yes,完成した模範解答と自力解答を促すヒント・型を区別する規則
REQ-SCAFFOLDING-003,102,模範解答・ヒント・段階的支援,初期リリース必須,B,学習者の習熟度や実行モードに応じて、 表示する支援情報の段階を変えられること。 例として、次を想定する。 - 支援なし - 短いヒント - 語句または考え方の候補 - 解答の型 - 詳細な手順 - 模範解答,FUNC,"DATA,RULE",DATA,yes,習熟度・実行モードに応じて表示する支援段階を変更する機能
REQ-SCAFFOLDING-004,102,模範解答・ヒント・段階的支援,初期リリース必須,B,ヒントまたは模範解答を表示した事実を、 回答イベントまたは学習履歴と 関連付けて記録できること。,DATA,FUNC,DATA,no,ヒント・模範解答を表示した事実を回答イベント・履歴へ関連付けて記録する
REQ-SCAFFOLDING-005,102,模範解答・ヒント・段階的支援,初期リリース必須,B,ヒントを使用して正解した場合と、 支援なしで正解した場合を 必要に応じて区別できること。 定着判定への具体的な反映方法は 学習設計時に決定する。,RULE,DATA,DATA,yes,支援あり正解と支援なし正解を必要に応じて区別する評価規則
REQ-SCAFFOLDING-006,102,模範解答・ヒント・段階的支援,初期リリース必須,B,作文、記述、説明、発話など、 複数の正答表現があり得る問題について、 単一の模範解答だけを唯一の正答として扱わないこと。,RULE,"DATA,QUAL",DATA,yes,複数の正答表現がある問題で単一模範解答だけを唯一解としない規則
